Unnamed: 0,id,acousticness,danceability,duration_ms,energy,instrumentalness,key,liveness,loudness,mode,speechiness,tempo,valence
Estoy a la Puerta y Llamo,4bjsp9L4sWREYUkZU8nc6e,0.935,0.493,198240,0.112,0.000558,10,0.163,-14.419,0,0.0345,76.48,0.243
Nada Te Turbe,7GPBx7jwkMSnlUS6Qqudlp,0.859,0.523,216054,0.242,7.17e-05,0,0.105,-9.303,1,0.0269,103.928,0.319
Entraré,1koXbetRP1PgmDRqU4DFPb,0.944,0.426,262373,0.0559,0.0,7,0.0633,-18.357,1,0.03,71.843,0.116
Someone You Loved,7qEHsqek33rTcFNT9PFqLf,0.751,0.501,182161,0.405,0.0,1,0.105,-5.679,1,0.0319,109.891,0.446
Before You Go,2gMXnyrvIjhVBUZwvLZDMP,0.604,0.459,215107,0.575,0.0,3,0.0885,-4.858,1,0.0573,111.881,0.183
Forget Me,5uSFGgIfHMT3osrAd9n9ym,0.296,0.669,203472,0.742,0.0,1,0.355,-3.518,0,0.0441,101.982,0.716
Easy On Me,46IZ0fSY2mpAiktS3KOqds,0.578,0.604,224695,0.366,0.0,5,0.133,-7.519,1,0.0282,141.981,0.13
Set Fire to the Rain,73CMRj62VK8nUS4ezD2wvi,0.00408,0.603,242974,0.67,1.68e-06,2,0.112,-3.882,0,0.0249,107.993,0.446
Rolling in the Deep,1c8gk2PeTE04A1pIDH9YMk,0.138,0.73,228093,0.769,0.0,8,0.0473,-5.114,1,0.0298,104.948,0.507
Ella Y Yo - Featuring Don Omar,6G4U9avyBNEfP0fAIduev3,0.534,0.732,267787,0.708,0.0,9,0.237,-7.905,0,0.262,175.924,0.717
Obsesion,65H6t1WQBim6q93yM8fEwn,0.416,0.804,254720,0.56,0.0,1,0.0608,-6.912,0,0.0397,133.682,0.768
Dile al Amor,2Bhmj4XK33InfhqKPxcJ1v,0.0764,0.825,229360,0.605,0.0,11,0.314,-9.71,1,0.0376,124.005,0.944
It Ain't Me (with Selena Gomez),3eR23VReFzcdmS7TYCrhCe,0.119,0.64,220781,0.533,0.0,0,0.0864,-6.596,1,0.0706,99.968,0.515
Higher Love,1kKYjjfNYxE0YYgLa7vgVY,0.0151,0.693,228267,0.678,5.71e-06,8,0.101,-7.159,1,0.0324,103.952,0.404
Woke Up in Love,07QIetdCyAEox3Q5qqJT43,0.234,0.649,216880,0.586,0.0,2,0.0936,-5.998,1,0.0385,106.031,0.178
Boyfriend,59CfNbkERJ3NoTXDvoURjj,0.232,0.345,153000,0.612,0.0,7,0.194,-6.543,0,0.0608,179.773,0.232
Breakfast,6GUiIbJ834FcHewby3PwV0,0.0579,0.64,148471,0.553,0.0,2,0.0914,-6.42,0,0.0411,81.992,0.486
If Only,1mRBJdpIgc3jZH8C3cN2WV,0.271,0.477,229813,0.6,0.0,7,0.112,-5.652,1,0.0324,152.062,0.29
"Muchachos, Ahora Nos Volvimos a Ilusionar",79d6fVzRM6DRYxR302AJFY,0.283,0.699,141237,0.871,0.0,7,0.0867,-4.776,0,0.0621,109.975,0.927
Te Quiero Comer La Boca,6Y5k0NupErwLzOQXDxfVFa,0.105,0.774,204933,0.665,4.89e-05,0,0.148,-6.42,1,0.0326,106.842,0.968
Todos Tenemos Un Amor,6SgkilvKX94WfXRbhr3RCu,0.251,0.704,227800,0.814,0.0,1,0.35,-4.752,0,0.0475,138.779,0.974
Rude (Acoustic),5N0fCfFgNKqoxIUPWvAMcV,0.363,0.738,223973,0.846,0.0,1,0.17,-4.296,1,0.0729,144.007,0.891
No Way No,5xHooj89TQoQHj3dALvSh1,0.104,0.743,231667,0.733,1.05e-05,7,0.149,-5.183,0,0.0513,153.978,0.807
Rude - Zedd Remix,6rmtT7Y8cH7NpvovoPiV6k,0.0324,0.598,273231,0.836,2.44e-06,1,0.0751,-2.388,1,0.0457,130.009,0.343
Cien gaviotas,020Gj87SqDRvzGHELzcCEc,0.133,0.593,169773,0.943,4.38e-05,9,0.0478,-4.503,1,0.0424,136.027,0.846
Jardín de rosas,3MvbFAlNARGUpMPEkn88Ho,0.11,0.551,141280,0.941,0.0,7,0.266,-4.31,1,0.0461,83.53,0.915
Una calle de París,1nLOdVT581H7SA0ttCZRF9,0.074,0.683,140253,0.752,2.56e-05,4,0.222,-6.837,1,0.0337,140.012,0.865
Cuando Pase El Temblor - Remasterizado 2007,3uMYq07Kj5m564OQwdSCrD,0.0314,0.652,229160,0.607,0.00285,0,0.0721,-8.657,1,0.0368,94.089,0.72
Trátame Suavemente - Remasterizado 2007,65DBZofI0b79kfHTcWWDuU,0.043,0.738,200800,0.8,0.0543,11,0.595,-3.366,0,0.0283,122.858,0.532
Persiana Americana - Remasterizado 2007,71awpJoi5bqGMBrTkHDDoL,0.0121,0.603,292267,0.929,0.00217,4,0.131,-4.549,0,0.0407,101.208,0.537
Mor,0HGoUFjnLX2YuFXxcopZdR,0.554,0.781,228987,0.651,5.48e-06,0,0.0726,-6.573,1,0.0919,96.988,0.686
Roast Yourself Challenge AEME!,6aYLIQSKJ9tfPFsTlcVei0,0.476,0.816,241467,0.712,0.0,8,0.568,-5.021,0,0.0913,92.101,0.696
Hermana Te Odio Pero Te Quiero,3lWOay2eth8TMbzl0PETGZ,0.168,0.706,198754,0.724,0.0,7,0.142,-7.33,1,0.178,173.919,0.506
Jar of Hearts,0HZhYMZOcUzZKSFwPOti6m,0.726,0.349,246587,0.348,0.0,3,0.12,-6.142,1,0.0316,74.541,0.0886
you are my sunshine,4cNpO3kF8rqcH8G3huFCJp,0.978,0.574,82200,0.121,1.04e-06,10,0.353,-14.275,1,0.0426,115.165,0.657
human,4IqcDJPzDL8Hq8KwAX4jUE,0.132,0.439,250707,0.489,0.000643,8,0.114,-6.286,1,0.0368,143.808,0.253
Uno los Dos,7Cg58yt6PVyvckydVLRZsp,0.398,0.771,215427,0.436,0.0,11,0.154,-6.531,1,0.0485,122.917,0.188
Perfecta,09QfIIP4NUx4A3thmovb2o,0.178,0.648,225413,0.727,0.0,0,0.335,-5.45,1,0.0361,169.941,0.839
Don,0WajUW5XINeraP2w0F3F8E,0.0215,0.824,183973,0.738,0.0,6,0.0495,-5.431,1,0.0867,119.973,0.961
Dama y Señora,7Ltmj3W26gvAObnSMpyOOq,0.205,0.646,208653,0.902,0.000478,11,0.594,-5.356,0,0.0348,130.026,0.812
Rubia Macanuda,2fJx1rNMM7X48i2cCdK83R,0.16,0.688,205013,0.725,0.0127,0,0.181,-6.397,1,0.0263,129.016,0.43
Gente Sencilla,0MIfRnmC8VPwDd2wGwv5Ga,0.457,0.654,190600,0.508,0.0,0,0.203,-5.886,1,0.028,142.673,0.801
Dame Tu Mano,2qHp6ZLbB1MZ5IofBYOd3q,0.789,0.673,182044,0.335,0.0,7,0.184,-7.09,1,0.0302,110.357,0.88
Todo Es Tan Distinto,1nc5kQOFw5KbF5WoRL48OG,0.787,0.466,168000,0.363,0.0,5,0.157,-7.888,1,0.0382,199.903,0.566
Así Nos Queremos,0mvGVXEih1HyeOyQieUx9u,0.543,0.73,160000,0.391,0.0,1,0.157,-10.637,1,0.269,149.988,0.888
Andas En Mi Cabeza,23WI5V2eD4EyGKxSl7Pyeq,0.0244,0.671,247493,0.954,0.0,9,0.111,-1.87,1,0.13,104.114,0.556
Niña Bonita,4u5xLMRN0dgKBFFN8FiNgv,0.257,0.676,216787,0.91,0.0,9,0.153,-5.096,1,0.132,120.022,0.716
Me Voy Enamorando - Remix,0SUukeNYkHMk8bxwgGQKJa,0.0894,0.708,215800,0.87,0.0,10,0.347,-4.473,1,0.0557,99.963,0.547
Nunca Es Suficiente,2niUiaoJDCzNldW0pV66zb,0.511,0.699,237107,0.61,2.31e-06,2,0.127,-9.308,0,0.0541,178.112,0.846
Lo Que Construimos,5wWxUdgn2OugIOvLJOdreH,0.769,0.667,279213,0.287,3.61e-06,0,0.106,-9.718,1,0.0334,127.981,0.545
Soledad y el Mar (feat. Los Macorinos),1Xtz05nIgJiEYdncfd1w8h,0.896,0.726,214547,0.177,2.14e-06,1,0.116,-14.824,0,0.0353,92.934,0.618
(I Can't Help) Falling In Love With You - Can't Help Falling In Love,3WXURJDWa3YGUQtVMYrXfK,0.962,0.462,185204,0.078,3.61e-06,0,0.104,-16.989,1,0.0327,97.388,0.213
M-40,6kFJXL8yuKMxq6oVLbjGgO,0.0145,0.709,168649,0.718,0.359,0,0.0843,-7.234,0,0.0448,148.062,0.925
(nononono),2EzFrZlFsFnbEsKjnuaBVo,0.00127,0.567,172276,0.818,0.0213,0,0.044,-4.257,1,0.0464,159.961,0.886
Roast Yourself Challenge,5NoE12bRYiehlnDpOcI7A6,0.191,0.816,189764,0.705,0.00108,3,0.111,-9.998,0,0.161,92.989,0.795
Debo Confesar,2uz9kAYAGjaw1PwpqXjn6k,0.108,0.768,197590,0.562,0.00878,6,0.258,-8.589,0,0.0403,123.995,0.399
Casa del Árbol,7xg09WHYGwoTiQjntYAHZM,0.415,0.842,190500,0.702,0.000105,9,0.0549,-6.034,0,0.0942,93.019,0.832
Los 90´s,3pq9k5BBgk34C192d7kisl,0.00355,0.347,202750,0.897,0.0,7,0.154,-3.685,1,0.0373,189.939,0.677
Yo Mismo,2MccjOeWhfskq6jaxonqWu,0.000502,0.528,319125,0.822,5.45e-06,2,0.106,-5.789,1,0.0295,130.007,0.544
Tu Luz,1FJBxcVs3f0awoDBGCIOBX,0.0314,0.614,204125,0.74,0.000226,1,0.279,-4.223,0,0.0264,131.914,0.336
TQG,0DWdj2oZMBFSzRsi2Cvfzf,0.673,0.72,199440,0.63,0.0,4,0.0936,-3.547,0,0.277,179.974,0.607
X SI VOLVEMOS,4NoOME4Dhf4xgxbHDT7VGe,0.334,0.794,200120,0.807,0.0,1,0.104,-3.447,0,0.326,178.003,0.575
CAIRO,16dUQ4quIHDe4ZZ0wF1EMN,0.483,0.957,198667,0.677,0.000438,5,0.0961,-3.979,0,0.292,115.0,0.469
Sola,111r6uPOzxreJcANJtUhMn,0.0133,0.698,225880,0.721,0.000119,7,0.165,-6.578,1,0.0303,91.986,0.779
El Anillo Y Vos,7Ac5c1YpPx6tdzpwqqihbi,0.0156,0.737,210493,0.842,0.00124,5,0.0913,-4.281,1,0.0439,93.988,0.964
Vamos a Hacerlo,2f2PQnR2ltgeKZF1vRSoLq,0.138,0.713,253187,0.598,1.17e-05,4,0.283,-7.332,1,0.0232,106.979,0.476
Rayando El Sol,4Ofg5uuH7qqDIXpAJMpXZV,0.45,0.643,250107,0.809,1.22e-06,7,0.154,-3.275,1,0.028,112.677,0.499
Oye Mi Amor,5EJ2THuhAapEIeQOtXUQ0x,0.0102,0.543,263306,0.903,0.00585,11,0.0862,-6.658,0,0.039,162.241,0.962
Clavado En Un Bar,78DVpEWwmJFC25KGz8fJuE,0.00737,0.634,310813,0.854,2.49e-06,11,0.0664,-3.444,1,0.0369,148.003,0.564
Tonight I Celebrate My Love,7JOyY9GA3P2Evx50oetDKb,0.803,0.482,211000,0.211,1.36e-05,3,0.154,-14.518,1,0.0318,116.902,0.158
"Beauty and the Beast - from the Soundtrack ""Beauty and the Beast""",7B3UAPLYAbwXVgbHSKEaTw,0.643,0.463,249240,0.4,2.46e-05,6,0.131,-9.999,0,0.0308,77.314,0.121
A Whole New World (Aladdin's Theme),4tS8xQfyPGc7f4lJ1JP6BX,0.627,0.516,243493,0.32,0.0,2,0.144,-10.487,1,0.0303,107.894,0.131
Savage Love (Laxed – Siren Beat) [BTS Remix],4TgxFMOn5yoESW6zCidCXL,0.16,0.758,184905,0.598,0.0,0,0.295,-5.695,0,0.0868,149.836,0.658
Sweet & Sour (feat. Lauv & Tyga),3ZWhRS2EJVL5B0IEzkcvZa,0.092,0.827,163228,0.73,1.35e-05,1,0.258,-5.324,1,0.0934,95.003,0.679
Laxed – Siren Beat,3BJiF37kmX4HCfYSO7qBnQ,0.0577,0.736,201990,0.62,0.692,0,0.318,-8.481,0,0.11,150.026,0.959
Como te extraño mi amor,6hFHsQWB7HdVrSe7efRR82,0.0823,0.791,214880,0.759,4.44e-05,9,0.0993,-5.67,1,0.037,124.725,0.917
Las flores,0oakHTPj4SF7Si0NAsLwi8,0.186,0.615,135133,0.928,4.4e-06,10,0.147,-4.218,1,0.0412,156.926,0.962
La ingrata,19ScoKGqnfUggyqOVQjsoH,0.0854,0.748,212000,0.835,1.97e-06,7,0.0365,-5.731,1,0.0351,142.942,0.896
El Ultimo Adiós - Varios Artistas Version,0tzixmHNQfE6S6SirSToxW,0.641,0.276,237467,0.572,0.0,1,0.2,-7.818,1,0.0377,77.986,0.285
Bendita Tu Luz,0Qmx9OF4z1arPVTcu7wM9W,0.156,0.79,266027,0.747,3.02e-06,7,0.108,-6.019,1,0.029,115.997,0.636
Bachata En Fukuoka,6IfMD01z39P15HKezjdaMP,0.77,0.878,191107,0.555,0.0,0,0.0663,-7.301,0,0.0343,132.936,0.928
X SI VOLVEMOS,4NoOME4Dhf4xgxbHDT7VGe,0.334,0.794,200120,0.807,0.0,1,0.104,-3.447,0,0.326,178.003,0.575
Propuesta Indecente,5PycBIeabfvX3n9ILG7Vrv,0.499,0.757,235133,0.632,0.0,2,0.0723,-6.83,1,0.0549,122.936,0.742
Ella Quiere Beber - Remix,3f5lA8nnc4YYF1qf78WpHw,0.265,0.75,219357,0.665,0.0,8,0.0515,-3.083,1,0.124,95.239,0.697
Manila,2hBkoDhuGk2AtSCprEFDFP,0.234,0.678,144621,0.735,0.0,7,0.423,-5.996,1,0.0617,150.091,0.71
La Cintura,6VUJQqyeQhAZHkQbSDqLtI,0.0222,0.706,204667,0.844,0.0,6,0.355,-4.054,0,0.0737,100.005,0.762
Solo Para Ti,2uAgZ0PelSImQe3BME9CiT,0.146,0.721,198107,0.806,0.000319,5,0.341,-6.279,0,0.0549,120.038,0.753
Lobo-hombre en París,4akYOw6ZJu7WIbZViLrJqc,0.0162,0.602,232160,0.952,4.92e-05,9,0.112,-5.195,1,0.0628,146.287,0.75
Lobo Hombre en París - Versión Sinfónico [En Vivo],1mlnmVqp3mnCIFwwk7uH8C,0.0788,0.396,286893,0.61,1.41e-05,9,0.686,-9.262,1,0.0346,126.203,0.109
Negrita,5xtrS1oKSvolhkmvocf6r9,0.372,0.608,243920,0.785,0.0109,5,0.0667,-7.076,0,0.0407,80.113,0.744
Festival,0SBrGzg3tqlKCWVelWHXYm,0.193,0.685,207581,0.79,8.13e-06,8,0.0699,-5.623,1,0.0476,123.897,0.655
Gracias,2XkJwxrcrjL78IrDKBBRYJ,0.382,0.697,206658,0.796,0.0,0,0.0965,-6.168,1,0.0409,170.033,0.908
Despertar,5VZHMNKKYRul576P9Hqj6d,0.157,0.77,198000,0.691,0.0,3,0.0567,-8.873,0,0.183,80.009,0.655
Te quiero,6tu2FHuKL9C8pwNrityweQ,0.0029,0.736,225760,0.711,0.000275,2,0.0948,-5.503,1,0.0352,112.305,0.72
El ataque de las chicas cocodrilo,3quyxN3SapEsojxk1Uw10K,0.0291,0.506,184360,0.809,0.000234,10,0.0909,-5.754,1,0.0539,119.651,0.559
Marta tiene un marcapasos,1XvfncS1t4BNkh37klHeqj,0.00321,0.596,132853,0.947,3.78e-05,11,0.0897,-3.225,0,0.0547,102.238,0.487
Bye Bye,2FSYfKAApea3U42phhBOIc,0.00168,0.634,349507,0.84,0.0237,6,0.207,-5.933,1,0.0351,97.998,0.393
La Pachanga,1x6bkwDyWIOZNFY5blRSs1,0.00244,0.681,281933,0.918,0.000535,9,0.119,-4.83,0,0.0508,105.031,0.551
Auto Rojo,5PSCWHpXi8I45NXURHyhBA,0.158,0.764,306000,0.82,0.0,1,0.0939,-6.073,1,0.0441,104.527,0.688
Libertad,1kG7gfH4HDUlDht0VZYkiP,0.0648,0.605,218079,0.703,0.0,4,0.117,-6.707,1,0.0303,132.081,0.686
Resistiré,5Z3eEWd02O1RekV96ohDPx,0.167,0.704,285611,0.764,0.0,4,0.235,-6.508,0,0.026,100.018,0.709
MENEITO,2nSNqawExgEYd5k0CATOwO,0.114,0.823,198197,0.842,0.0,6,0.0593,-3.484,1,0.0502,122.024,0.961
Flaca,1p7m9H4H8s0Y7SgRm7j3ED,0.21,0.739,277653,0.745,0.0135,7,0.127,-6.658,1,0.0267,109.326,0.949
Aunque no sea conmigo,0dRY4OrSY53yUjVgfgne1W,0.458,0.461,212560,0.715,1.56e-05,4,0.719,-6.246,0,0.0281,86.09,0.455
La parte de adelante,0fHTVPRRKmWaRuIwrsNTMp,0.494,0.591,261627,0.777,0.0,9,0.383,-6.307,1,0.0401,123.264,0.621
Shivers,50nfwKoDiSYg8zOCREWAm5,0.281,0.788,207853,0.859,0.0,2,0.0424,-2.724,1,0.0856,141.02,0.822
Shape of You,7qiZfU4dY1lWllzX7mPBI3,0.581,0.825,233713,0.652,0.0,1,0.0931,-3.183,0,0.0802,95.977,0.931
Bad Habits,3rmo8F54jFF8OgYsqTxm5d,0.0451,0.807,230747,0.893,2.79e-05,11,0.366,-3.745,0,0.0347,126.011,0.537
Kilómetros,4Jr2cHZaIe1rmdVlc5efIy,0.0181,0.564,191461,0.966,0.0,7,0.32,-4.184,1,0.0811,163.047,0.92
Quereme Así,5SYefHqRXNFjmBLICBseWw,0.378,0.588,262067,0.899,0.000627,6,0.362,-4.923,0,0.0419,149.062,0.879
Todos Locos,20j3mg8wGS2d3HbTrYWLsk,0.253,0.743,142187,0.821,1.32e-05,7,0.0247,-4.229,1,0.0412,89.984,0.888
¿Qué Haces?,3bAh5lidBKbQSABt7r8dNF,0.0177,0.753,201493,0.537,0.0,0,0.439,-6.222,1,0.0482,111.936,0.503
Más de Lo Que Soñé,0mFGoLgTBE2346c0cdZo7I,0.186,0.481,222906,0.502,0.0,7,0.102,-7.951,1,0.0606,160.132,0.351
Desde Cero,3uHyfqpfIquDj2Nw8DnrJ9,0.235,0.757,197533,0.759,7.24e-06,6,0.109,-5.441,0,0.0495,90.009,0.928
She's So Gone,4DTrKnvkHtwQN6kBu4XXIF,0.0277,0.518,186453,0.861,1.42e-06,11,0.249,-4.002,1,0.0673,141.986,0.457
"Determinate - From ""Lemonade Mouth""",4qEoqyPbLYnLOii6mKlIjI,0.00361,0.562,198107,0.768,0.0,1,0.0742,-5.006,0,0.0488,139.968,0.218
A Whole New World,5viFjDGTnrApmUY5c8qkfw,0.225,0.395,175594,0.375,0.0,0,0.145,-7.948,1,0.034,121.04,0.131
"Young, Wild & Free (feat. Bruno Mars)",3FNy4yzOhHhFBeA5p4ofoq,0.0897,0.553,207347,0.652,0.0,0,0.111,-6.685,1,0.206,94.505,0.551
"Sucker for Pain (with Wiz Khalifa, Imagine Dragons, Logic & Ty Dolla $ign feat. X Ambassadors)",4dASQiO1Eoo3RJvt74FtXB,0.255,0.502,243491,0.786,0.0,9,0.65,-4.378,0,0.317,169.021,0.739
The Thrill,56oGoEjA9eTZYgsttEFKY3,0.277,0.817,234334,0.775,0.0,10,0.108,-4.767,0,0.108,126.984,0.806
Quiéreme Mucho,08bwr5QcLWV9LeKi8T90nD,0.0157,0.551,220920,0.542,3.54e-05,10,0.334,-8.899,0,0.0315,104.887,0.473
Peligro,4igu6wUj0O7ZGXUArbBrWI,0.493,0.696,222320,0.734,0.00256,11,0.0912,-9.846,0,0.0344,101.039,0.862
"Ojos Claros, Labios Rosas",29GrGzUHri2cpt1v2TTimI,0.00532,0.51,260040,0.419,0.233,9,0.273,-11.864,0,0.0507,123.967,0.714
La Botella,3dtGHZyEGmKSmQoAPcbvyb,0.216,0.757,177293,0.795,3.04e-05,0,0.0668,-4.562,1,0.0442,118.012,0.921
Las Solteras,2ckJCt5gFJ1tB4etHN90TD,0.0463,0.822,240692,0.778,0.0,8,0.0653,-4.7,0,0.0487,100.107,0.825
Te Extraño Tanto,2NHLLAhayJKBdDbRwObGCY,0.216,0.662,281496,0.686,0.0,2,0.0611,-4.216,1,0.0555,81.944,0.38
Vasos Vacíos - Remasterizado 2008,198qSChSMQFuSimdeeY9gK,0.346,0.708,279987,0.672,1.97e-05,7,0.382,-5.538,1,0.0352,134.635,0.963
Siguiendo la Luna - Remasterizado 2008,1orgfjGJoycODSItcGVatE,0.0121,0.733,291973,0.602,4.64e-06,7,0.0642,-7.65,1,0.084,80.472,0.832
Mal Bicho - Remasterizado 2008,5nofWp3plvxYX1xgHpe4fi,0.116,0.724,243720,0.939,0.0,0,0.0225,-4.223,1,0.065,103.091,0.735
Sin Control - Team Leyenda,3CarKpTMgdhZeBjoDaEbtg,0.12,0.853,219858,0.548,3.6e-06,9,0.0834,-7.642,0,0.0865,100.017,0.583
Roast Yourself Challenge,7jQJodtShR5oSmHLlqLyOf,0.301,0.77,225586,0.655,0.0,5,0.0887,-6.514,0,0.0422,102.442,0.94
Volverte a Conocer,3JybjFE3KlghnOlBOakYzi,0.0164,0.805,183652,0.804,0.0,11,0.113,-7.735,0,0.0389,114.972,0.262
No Dejes Que...,5nzEilkVhvnCD0xpW3raTy,0.429,0.613,279160,0.898,1.29e-06,2,0.272,-7.593,1,0.0368,134.033,0.763
La Célula Que Explota,5mB0MGsRfKZALHrXjnktCK,0.44,0.425,215867,0.479,0.000109,2,0.378,-12.22,1,0.0419,123.217,0.279
Viento,6QJCZyJv1fhkCyZA3lRoAD,0.304,0.586,236333,0.855,0.0,11,0.129,-5.947,0,0.0327,124.917,0.448
Dios te hizo tan bien,4AwOAvU1SfLkDVqDIiwhHc,0.723,0.724,233337,0.349,0.0,7,0.105,-7.539,1,0.0869,134.083,0.734
Le Pertenezco,6wpZ45DvZTu4aK2sgcOXaz,0.517,0.7,226040,0.662,6.74e-06,9,0.0846,-4.826,1,0.0288,122.968,0.493
Dios te Hizo Tan Bien,4yA6nWicM1OtcEqzFzCer0,0.278,0.602,194521,0.563,0.0,5,0.185,-4.201,1,0.0572,149.768,0.854
"My Heart Will Go On - Love Theme from ""Titanic""",33LC84JgLvK2KuW43MfaNq,0.732,0.428,280000,0.276,5.33e-06,4,0.117,-11.729,1,0.0312,99.195,0.0382
"Because You Loved Me (Theme from ""Up Close and Personal"")",28UMiBhn383n9S7GL4tsxD,0.314,0.615,273667,0.467,0.0,1,0.099,-9.883,1,0.0327,119.919,0.177
It's All Coming Back to Me Now,5EQzuYfTZt7B2LqlvTF49l,0.753,0.384,456867,0.438,0.0,0,0.101,-9.149,1,0.0362,87.903,0.287
Radio 2000,4gpA7rB6tMd13jD95fQH6h,0.0161,0.653,213719,0.8,0.0,7,0.293,-6.653,1,0.0452,141.957,0.594
HORÓSCOPO,5OKYKMtXecYISAq96jNsG1,0.0872,0.891,263779,0.45,0.0,7,0.119,-7.154,0,0.0833,131.957,0.791
Videojuegos :(,74uE3h2EupXVQXPkEw2gZb,0.56,0.808,189298,0.507,0.0,3,0.289,-6.632,1,0.114,102.003,0.827
La Muralla Verde,6OKhBvddAlWxxFnjbpilhu,0.155,0.717,161440,0.837,1.15e-05,8,0.422,-6.968,0,0.0282,129.881,0.919
Luz De Dia,6TqXieeBcZZHyaO14hQpKx,0.478,0.657,268867,0.447,0.00105,0,0.0995,-13.148,1,0.0303,121.989,0.523
Tu Carcel - En Vivo,5B3O540sH6u6mf61HWrNzQ,0.152,0.639,242413,0.745,4.26e-06,2,0.914,-5.455,1,0.0291,117.457,0.59
When You Say Nothing At All,0gcjc7Vt5xtcfmJgf6g2IO,0.161,0.461,256827,0.448,1.18e-06,7,0.0811,-10.665,1,0.0246,173.86,0.418
If Tomorrow Never Comes,7tbJozWewwmFvTkXCUFtt0,0.333,0.555,214307,0.496,0.0,10,0.0956,-6.136,1,0.028,79.01,0.27
Lovin' Each Day,61fUmn6wYvU7qS62wNvQFN,0.0178,0.541,212973,0.899,2.95e-06,1,0.286,-6.261,1,0.0633,106.676,0.829
El Ultimo Adiós - Varios Artistas Version,0tzixmHNQfE6S6SirSToxW,0.641,0.276,237467,0.572,0.0,1,0.2,-7.818,1,0.0377,77.986,0.285
El Duelo,3XHg42QOqlevRU7jXRkAKk,0.0568,0.55,194573,0.848,0.0141,4,0.322,-6.422,0,0.045,107.069,0.547
Día Cero,0LJgnWjRvbM60ieEVAJcAO,0.0438,0.684,271707,0.763,7.68e-05,7,0.0916,-6.861,0,0.046,99.918,0.678
Watch Over You,7kxfWvj6u9oWQ5C36kMtGb,0.0836,0.276,259133,0.658,0.000553,7,0.161,-5.418,1,0.0329,172.326,0.16
Blackbird,6pRPoKyrZ2VNlgpvU6wwNB,0.00496,0.279,478133,0.809,0.0126,6,0.116,-4.717,0,0.0447,149.459,0.131
Open Your Eyes,3Gbyl3XZVeEcnFPiiPR09n,0.000244,0.356,298600,0.904,1.75e-06,2,0.359,-3.953,1,0.0624,162.397,0.38
Loco de Atar,0JltOFgTHJ2PycjYMlIVxb,0.264,0.769,236667,0.806,0.0022,4,0.113,-8.852,0,0.0517,93.047,0.758
Verano Del '57,2WUV07tqCF5JR3bEjpYHVg,0.238,0.664,216533,0.675,0.000525,7,0.558,-8.879,1,0.0539,163.945,0.777
Verano del 57',28zU7nOeYQXFJKo12Hb1hm,0.0385,0.704,206859,0.724,2.53e-05,7,0.124,-6.524,1,0.0651,79.391,0.473
Carreteras Mojadas,6UKI8gr3zCJmKBEp0iHrFS,0.0445,0.72,269537,0.742,0.0,6,0.086,-8.602,0,0.0474,117.753,0.531
Esa Sí Es una Mujer,0XXbz44sfkVbDgs2c7sKOS,0.234,0.801,231898,0.937,0.0,11,0.152,-6.003,0,0.042,146.837,0.966
Alguien,6wl1FWjnroEtgqLqDXHvEa,0.0767,0.506,262339,0.701,6.28e-05,11,0.118,-7.632,1,0.0325,168.022,0.655
Ahora Te Puedes Marchar,1uKjQoh8JZj9ryuYRhpd7E,0.148,0.78,191973,0.877,2.36e-06,6,0.0627,-3.683,0,0.0427,133.263,0.909
La Incondicional,6F9yAYUaNbUhdlQyt5uZ3b,0.237,0.374,257027,0.727,0.0,10,0.134,-4.352,1,0.0309,155.127,0.283
Hasta Que Me Olvides,6vPAmoERUMRoTZaCCSWQ12,0.46,0.641,281000,0.593,0.0,3,0.169,-7.884,1,0.0264,119.828,0.437
Casablanca,3uaffqkwZmhgkbOPukm8gt,0.0242,0.711,262000,0.773,0.00367,10,0.0483,-8.189,0,0.0389,94.73,0.635
Chilly Cha Cha,4dEoLuf82fbhNPOCQ6G3VB,0.0319,0.871,277114,0.922,0.00135,1,0.245,-6.823,0,0.0374,130.047,0.972
Broken Hearted Woman - Radio Edit,3ZH87isitvdUNMCy3WljPj,0.0174,0.823,294000,0.651,0.00692,11,0.0509,-8.129,1,0.112,94.009,0.913
"Shakira: Bzrp Music Sessions, Vol. 53",4nrPB8O7Y7wsOCJdgXkthe,0.274,0.778,218289,0.632,0.0,2,0.0915,-5.6,0,0.0493,122.104,0.498
TQG,0DWdj2oZMBFSzRsi2Cvfzf,0.673,0.72,199440,0.63,0.0,4,0.0936,-3.547,0,0.277,179.974,0.607
Monotonía,6G12ZafqofSq7YtrMqUm76,0.419,0.873,158805,0.695,1.23e-06,0,0.211,-4.207,0,0.0459,131.963,0.823
Eye of the Tiger,2HHtWyy5CgaQbC7XSoOb0e,0.216,0.815,243773,0.438,0.000466,0,0.0787,-14.522,0,0.0346,108.965,0.552
"Burning Heart - From ""Rocky IV"" Soundtrack",2VN7uPrbryJ7nE2MXX3f9a,0.298,0.652,230107,0.609,8.79e-06,9,0.0573,-9.684,0,0.028,98.125,0.646
The Search Is Over,1M3xrSPzPcKkCnXGHFPKaw,0.59,0.527,252613,0.342,0.0,3,0.0803,-12.272,1,0.0336,124.209,0.148
Ven Devórame Otra Vez,451CpDIPCEe6C33BFGL3Kh,0.0527,0.68,333467,0.663,1.27e-05,7,0.0483,-12.126,1,0.0421,103.046,0.759
Bandido,2rHhKu1hW8uqyr7LSrRn8E,0.0414,0.735,182867,0.817,5.14e-06,1,0.806,-8.595,1,0.036,127.912,0.799
Él,0vx4Xcny7UGNvAfx9UHWPB,0.291,0.566,270707,0.843,0.0,1,0.0389,-4.559,0,0.0582,87.827,0.607
El Ultimo Adiós - Varios Artistas Version,0tzixmHNQfE6S6SirSToxW,0.641,0.276,237467,0.572,0.0,1,0.2,-7.818,1,0.0377,77.986,0.285
Dueño de Nada,1yYrWdoONx6UyXLH0A3QMW,0.528,0.362,313147,0.522,0.0,2,0.126,-5.207,1,0.0491,171.643,0.131
Puedes Llegar,0GeVviWG62dYbWgsJ99WDe,0.48,0.384,253360,0.616,1.25e-05,3,0.0539,-9.401,1,0.0381,77.835,0.408
Después De Ti,3QEWvj2NI5ybtUAVnwzmzF,0.069,0.563,252840,0.603,0.0,7,0.111,-7.761,1,0.027,79.987,0.463
Después De Ti,7Gyw1SoLPJE5x1yF1ogD5o,0.234,0.696,198434,0.558,0.0,7,0.122,-4.646,1,0.0559,82.974,0.196
Volver A Empezar,1rlkumnfreUZ7Ik260HEMe,0.464,0.71,247120,0.443,0.000718,9,0.0639,-10.499,0,0.0261,119.961,0.467
Angelina,3O9wXqJsXC1s4cfWBkrJ2x,0.611,0.489,149933,0.414,2.78e-06,11,0.122,-10.804,0,0.027,108.648,0.152
Paginas Blancas,1wPcU3VfNAWuXnDillAUtY,0.56,0.364,278107,0.315,2.56e-05,10,0.18,-9.514,0,0.0292,90.943,0.0923
Para Que No Me Olvides,72av2GKShAKrbFGKqM8WSD,0.484,0.504,248800,0.402,0.000515,1,0.305,-7.644,1,0.0253,91.037,0.367
A Dormir Juntitos - 2022 Remastered,4OPHWz8vr6VPJwsSxt0Fhr,0.324,0.81,282693,0.676,0.000253,1,0.0881,-8.909,0,0.0422,132.028,0.927
Zúmbalo,2Xn5o0MhShu0lOiWuw4Khr,0.272,0.889,262014,0.865,0.00765,9,0.0514,-6.556,1,0.045,123.977,0.976
Ay Amor,2mTvV8CHQ44qaXxaD2FUkP,0.364,0.807,241894,0.794,0.335,0,0.25,-7.647,0,0.035,123.934,0.918
Procuro Olvidarte,4Ezmg2bQTVu9d37T4OZnd8,0.738,0.539,270184,0.399,0.0,0,0.15,-11.775,0,0.029,78.517,0.403
Todo El Mundo Necesita Amor,4UIllljX1kPp4CClJOoUSZ,0.0219,0.692,221813,0.765,0.00017,9,0.0678,-8.526,0,0.0462,120.002,0.72
Ámame,5f0ojE8sRPRKNQeJvAbo38,0.0315,0.479,248137,0.3,0.0,9,0.0843,-14.275,0,0.0413,126.729,0.544
Uptown Girl,5zA8vzDGqPl2AzZkEYQGKh,0.0755,0.701,197707,0.944,0.0,4,0.601,-2.986,1,0.0455,128.993,0.792
Piano Man,70C4NyhjD5OZUMzvWZ3njJ,0.605,0.331,339000,0.55,3.96e-06,0,0.192,-6.483,1,0.0272,177.734,0.429
Vienna,4U45aEWtQhrm8A5mxPaFZ7,0.659,0.532,214240,0.495,0.0,10,0.0754,-6.662,1,0.0343,124.936,0.308
Hold Me Closer,5TJEBoTCDbJXiKMdCN9pd3,0.0748,0.659,202246,0.772,0.000346,0,0.187,-4.595,1,0.11,126.018,0.484
Toxic,6I9VzXrHxO9rA9A5euc8Ak,0.0249,0.774,198800,0.838,0.025,5,0.242,-3.914,0,0.114,143.04,0.924
Gimme More,6ic8OlLUNEATToEFU3xmaH,0.25,0.788,251240,0.844,0.000678,2,0.0723,-3.131,1,0.0334,113.324,0.382
No Dejes de Bailar,23akrzQH8VTFlrWHGztgAK,0.178,0.723,197238,0.691,0.0,0,0.274,-3.899,0,0.0364,102.043,0.748
No Dejes de Bailar - Remix,20ENafw9mujYZrGwWqWW30,0.0156,0.733,200000,0.845,0.0,10,0.299,-5.818,0,0.0419,102.055,0.486
Sabor de amor - Versión 1988,6zdXA5yUvKnoTJwyZCnYOM,0.117,0.631,221307,0.618,0.0,9,0.197,-5.843,1,0.0356,133.781,0.838
A este lado de la carretera,4RSPLIcOj7zwcqxyXzZ7Wa,0.0168,0.535,188600,0.957,0.0,0,0.142,-5.221,1,0.0698,103.311,0.799
Agua sin sueño,1vywengPlpJuJggJ9xOUYB,0.35,0.653,308693,0.734,0.0128,0,0.353,-6.138,1,0.0261,99.06,0.462
Bye Bye Bye,62bOmKYxYg7dhrC6gH9vFn,0.031,0.61,200400,0.926,0.0012,8,0.0821,-4.843,0,0.0479,172.638,0.861
It's Gonna Be Me,2AW37v0bDyuOzGP3XnmFuA,0.0407,0.636,192427,0.873,1.27e-06,0,0.0372,-4.672,0,0.071,165.071,0.908
This I Promise You,46n2EGFnPC3tzWCN1Aqe26,0.354,0.55,284760,0.587,0.0,2,0.128,-6.279,1,0.0329,165.975,0.466
É O Tchan Medley: Pau Que Nasce Torto / Melô Do Tchan,7gmaeOje1ElNhs6NYCXNu9,0.5,0.814,236360,0.734,0.0,7,0.295,-10.055,1,0.0398,95.678,0.611
Dança da Cordinha,73l8yFvq0BOxeVWBCqgHrX,0.17,0.827,200568,0.817,0.0,10,0.781,-9.712,0,0.0488,105.128,0.798
A Dança do Bumbum,5cTpd2BfpAXagw1BNBV9Ln,0.247,0.784,191280,0.571,0.0,1,0.323,-19.951,0,0.0582,97.713,0.857
Quiero Olvidarte Y No Puedo,4lUCiKJLh6vXW8NgU3Fqx4,0.187,0.685,326907,0.857,6.18e-05,2,0.0679,-6.926,0,0.0445,178.053,0.963
Mi Vecina,7ACPeH23lUJcrgnXBErFb2,0.583,0.641,247893,0.855,5.69e-06,0,0.115,-6.104,0,0.033,88.643,0.973
Nunca Contigo,5a9qsYb1nfqmLZak4pMdXt,0.734,0.509,232187,0.688,0.0,5,0.194,-7.691,1,0.0405,104.481,0.809
No Lie,48QmG1dfvMuYLxMPt7KSRA,0.0466,0.742,221176,0.882,0.0,7,0.206,-2.862,1,0.117,102.04,0.463
KÁRMIKA,3mFNc5EQn30irR983Wg9OD,0.468,0.876,236587,0.64,0.0,6,0.143,-5.264,1,0.392,97.169,0.729
Temperature,0k2GOhqsrxDTAbFFSdNJjT,0.106,0.951,218573,0.6,0.0,0,0.0712,-4.675,0,0.0685,125.04,0.822
Virgen,6srBp90EwADKAF7PorGiUC,0.715,0.662,271766,0.776,0.000411,8,0.106,-4.707,1,0.0457,90.838,0.724
Persona Ideal - Me Tengo Que Ir,4UHRMwbbiZ7tkeEkhyN7iB,0.39,0.527,279850,0.59,0.0,2,0.223,-8.897,0,0.0347,96.687,0.881
Aquel Lugar,16c6awlmGfeusU7zoVu5yc,0.37,0.75,231410,0.64,0.0,4,0.122,-4.537,0,0.0365,92.038,0.645
Rosas,06p2Ij0lXD45LODQDCov0u,0.622,0.783,237027,0.693,8.3e-06,9,0.109,-5.056,1,0.027,106.991,0.528
La Playa,2DNyZP4Py6f4zMASLBnIu6,0.175,0.589,247693,0.552,0.0,9,0.106,-5.707,1,0.0268,88.535,0.311
Cuídate,7gqIqyeCaV2xNtfZWxEphD,0.306,0.662,169533,0.798,0.0,8,0.174,-4.627,1,0.0335,141.007,0.542
Dame Tu Cosita,5tq6gO0LuNjmo9SRT1UcMv,0.0345,0.891,152000,0.926,0.0,2,0.278,-5.271,1,0.155,110.021,0.693
El Gato Volador,3K9h28l1trUlOMkiAh09Pb,0.0529,0.958,113868,0.807,0.000654,6,0.924,-8.793,1,0.241,109.239,0.87
Papi Chulo,1f2AyplMMO29MHBkjfFRmc,0.0809,0.893,175856,0.851,0.00143,1,0.0246,-6.42,1,0.112,110.005,0.837
Mi Gata - Remix,4llRitxwDsJF4NJbXPfatx,0.243,0.808,246316,0.754,0.0,0,0.117,-3.774,0,0.156,95.046,0.726
Instagram - Remix,6HOMz6FCZqLjTg3Eey0vm2,0.199,0.787,243623,0.677,0.000316,11,0.0584,-2.825,1,0.228,179.951,0.966
Tendencia Global,2TCklWS3S4Zg6e2m2MBoYm,0.527,0.867,234402,0.766,8.5e-05,6,0.111,-3.542,1,0.124,91.023,0.607
It's A Wrap,0CnlKa2jjIMzG0gLN1KZbD,0.354,0.626,238867,0.357,0.0,2,0.0552,-7.166,0,0.0631,179.869,0.401
We Belong Together,4EI8VuxUuIHKfafU72emqz,0.0264,0.84,201400,0.476,0.0,0,0.0865,-7.918,1,0.0629,139.987,0.767
Fantasy,6xkryXuiZU360Lngd4sx13,0.139,0.669,243493,0.727,0.0,7,0.123,-7.588,1,0.0353,102.322,0.807
Run To Me,12N5Qmt5TAs881z17sWUvV,0.0352,0.718,237533,0.963,0.00681,10,0.101,-13.968,0,0.0536,129.989,0.361
Dancing With An Angel - Radio Mix,6JZM39xPzUeqeLpdX2YsUf,0.0139,0.637,233107,0.952,0.000227,6,0.0808,-8.122,0,0.035,150.049,0.678
Looking At My Girl,3qsKp1cU3dq3bfc2Ymjqve,0.0732,0.73,197107,0.707,1.18e-06,11,0.101,-11.793,0,0.066,103.009,0.715
Hot Summer Night (Oh La La La),3lVoMDiuzWhYjnfU062PWJ,0.0175,0.615,186000,0.949,4.72e-05,5,0.332,-1.682,0,0.0463,127.021,0.555
D´LAO,0FMM0rvyhFb4E6r2f7UZKu,0.237,0.819,197625,0.777,0.0,9,0.0987,-7.803,1,0.0434,120.011,0.939
Call Me Baby (If You Don’t Know My Name),6TMMPqkkvdxaLoE85vCSHV,0.026,0.655,225602,0.908,8.23e-05,11,0.0917,-4.363,0,0.0809,127.145,0.783
I Found Luv - Energy Mix,5qQlDGIyNY5MhNXR2hqxqi,0.00746,0.761,240360,0.692,0.0314,0,0.725,-12.709,1,0.0401,138.97,0.74
I Found Luv - Club Mix,1D008uk5zUcMQYE8HBkgdI,0.00238,0.749,358947,0.692,0.164,0,0.282,-13.241,1,0.0365,138.975,0.855
Let Me Be - Club Mix,4bi3HnzmJdrzdCzUBW4BBx,0.0411,0.805,332267,0.931,0.000375,1,0.122,-9.076,1,0.0515,143.53,0.897
Rayando El Sol,4Ofg5uuH7qqDIXpAJMpXZV,0.45,0.643,250107,0.809,1.22e-06,7,0.154,-3.275,1,0.028,112.677,0.499
Clavado En Un Bar,78DVpEWwmJFC25KGz8fJuE,0.00737,0.634,310813,0.854,2.49e-06,11,0.0664,-3.444,1,0.0369,148.003,0.564
En El Muelle De San Blas,0mvocLIWUnT10znvIXwHGr,0.113,0.64,352160,0.693,5.62e-06,2,0.0978,-5.735,1,0.0235,97.159,0.698
Toda la Vida,7M8sGCxjrx4tKV1m0g9JDA,0.0744,0.791,300493,0.945,7.42e-06,11,0.158,-6.133,0,0.0588,111.36,0.886
Soy,1nF3uKTNNsXswzU5NPEDZc,0.457,0.459,223123,0.587,0.0,2,0.214,-8.868,1,0.0418,104.281,0.741
María,4JPKPMBj03iHQ6zrOJzEKd,0.188,0.752,252616,0.824,0.0,2,0.422,-5.54,1,0.0335,113.298,0.889
La flaca,2LsbizbOeNa4x6qsi2jAMb,0.52,0.871,261200,0.481,5.54e-05,7,0.0809,-9.068,1,0.0383,103.063,0.664
Agua,5omgFpiMt1CGHjQGfkwzvz,0.743,0.715,254267,0.358,0.0133,5,0.104,-15.522,1,0.033,145.751,0.742
El lado oscuro,3AR1c3Dssq51WlGGkuYJNj,0.528,0.818,288053,0.723,0.000591,7,0.0905,-6.702,0,0.0296,98.049,0.748
Tiburon,2GcjfckZexh9wRRjg9KtQG,0.151,0.879,303107,0.718,2.75e-05,0,0.0513,-12.984,1,0.0523,130.167,0.891
25 Horas,5fq4jxlqyjAVFLOB0lZIdT,0.161,0.724,247596,0.954,0.000637,4,0.0516,-5.027,1,0.0493,125.043,0.952
Esta Pegao,7f698P4uIhoNM4E3XkgvL3,0.00528,0.87,284267,0.549,5.83e-05,11,0.0561,-12.853,1,0.0878,130.802,0.499
La tortura,7klcjsUjOT35E862g1BlSC,0.023,0.741,213107,0.779,0.000788,0,0.12,-5.904,1,0.0421,100.001,0.834
Corazón partío,0wQCKR9OFjYu5Kzrk7WivJ,0.199,0.648,343413,0.846,4.23e-06,0,0.0803,-6.731,1,0.0424,160.075,0.815
Amiga mía,6kQYMqjobmB8MkWwa9OUyA,0.519,0.629,290973,0.703,0.0,2,0.11,-4.875,1,0.0504,144.016,0.402
"1, 2, Ultraviolento",12guUhwhDzAlmzccdi9Yzo,0.00733,0.431,252453,0.895,7.7e-06,2,0.11,-6.315,1,0.0747,177.538,0.593
1-2 Ultraviolento,3ZFfwUQxXspg5hhJXyFR8J,0.0033,0.476,258013,0.89,0.000324,7,0.0574,-5.215,1,0.0527,94.017,0.434
Más Allá del Bien y el Mal,2Y7mhnRtd2tvYuhFx122OM,0.195,0.438,198107,0.953,0.000364,11,0.0471,-4.357,1,0.0738,89.4,0.676
Para Amarnos Más,3VDJrFMOFyYFGPtIocqkeP,0.641,0.536,206707,0.665,0.000608,3,0.113,-7.743,1,0.0367,140.256,0.243
Resistiré,0XFQb7pNfT90A7fRxjMWgz,0.0071,0.45,252443,0.878,0.0,9,0.0908,-4.592,1,0.0827,199.844,0.744
Bella,4ZIxw3u6TeexXd8rK9DqhL,0.313,0.527,224080,0.75,0.0,8,0.0484,-8.935,0,0.048,89.97,0.323
El Ultimo Adiós - Varios Artistas Version,0tzixmHNQfE6S6SirSToxW,0.641,0.276,237467,0.572,0.0,1,0.2,-7.818,1,0.0377,77.986,0.285
Conga,53pZ8y3yMYUNpclGwIufu0,0.118,0.791,255760,0.86,0.105,2,0.0614,-8.282,1,0.0451,122.3,0.906
Con los Años Que Me Quedan,5UPd6Gyj4aoaTUTlpWSak5,0.772,0.552,276600,0.303,0.0,2,0.119,-10.579,1,0.0429,85.921,0.336
Bailando - Spanish Version,75EveQXAVJzwuEO9gjfyGZ,0.0426,0.723,243413,0.777,3.68e-06,7,0.0451,-3.503,1,0.108,91.017,0.961
Cuando Me Enamoro,4PHX6bpHDxiR9RGzAKWcyk,0.0106,0.82,200587,0.813,4.84e-05,1,0.0893,-3.646,1,0.0268,126.026,0.893
El Perdón (with Enrique Iglesias),7qCAVkHWZkF44OzOUKf8Cr,0.443,0.628,205907,0.69,0.0,8,0.113,-5.83,1,0.0511,179.908,0.66
A Esa,7IJuVH1YPmWEKemtZigmHK,0.242,0.354,187400,0.531,0.0,11,0.203,-10.565,0,0.109,169.735,0.439
Dímelo Delante de Ella,37amjDwMG9SQQ1xQETzBm9,0.524,0.403,156307,0.809,0.0,10,0.305,-6.82,0,0.0541,155.087,0.721
Por Ese Hombre (with Dyango),6Xj4KkWScUvO3LiowRl7GK,0.543,0.551,289747,0.442,0.0,0,0.063,-8.9,0,0.0295,96.333,0.422
"Y, ¿Si Fuera Ella? - + Es +",114xlNyBqwTIkOdrU8LajN,0.34,0.348,250000,0.536,0.0,5,0.209,-5.76,1,0.0313,150.586,0.199
En cambio no,6ea3gVkbrhghwfoio3NFpi,0.53,0.536,237440,0.378,0.0,0,0.115,-6.702,1,0.0266,133.858,0.147
Entre tú y mil mares,3reCcj2BzaDnnrlnZ0aq2X,0.518,0.606,228493,0.738,0.0,1,0.158,-4.159,0,0.0316,110.99,0.258
Uno los Dos,7Cg58yt6PVyvckydVLRZsp,0.398,0.771,215427,0.436,0.0,11,0.154,-6.531,1,0.0485,122.917,0.188
Perfecta,09QfIIP4NUx4A3thmovb2o,0.178,0.648,225413,0.727,0.0,0,0.335,-5.45,1,0.0361,169.941,0.839
Don,0WajUW5XINeraP2w0F3F8E,0.0215,0.824,183973,0.738,0.0,6,0.0495,-5.431,1,0.0867,119.973,0.961
Bohemian Rhapsody - Remastered 2011,4u7EnebtmKWzUH433cf5Qv,0.271,0.414,354320,0.404,0.0,0,0.3,-9.928,0,0.0499,71.105,0.224
Don't Stop Me Now - Remastered 2011,5T8EDUDqKcs6OSOwEsfqG7,0.0475,0.559,209413,0.868,0.000176,5,0.776,-5.276,1,0.17,156.295,0.609
Another One Bites The Dust - Remastered 2011,5vdp5UmvTsnMEMESIF2Ym7,0.112,0.933,214653,0.528,0.312,5,0.163,-6.472,0,0.161,109.967,0.754
Palabras del Alma,57Lp2gmC8OVub54oS6AgFy,0.14,0.672,241268,0.771,1.13e-06,0,0.23,-9.437,1,0.0329,147.12,0.819
Mix Ilan Chester: A Pasarla Bien / Sabe a Calidad / Para Siempre / Palabras del Alma / Por Alguien Como Tú / Canto al Ávila - En Vivo,1zNF6uj44MFeuiOaC1A1Pk,0.0494,0.411,514221,0.798,0.0,1,0.991,-5.499,1,0.0769,93.165,0.542
Canto al Avila,11Wikjc2napn97yCnfVla8,0.303,0.671,169133,0.584,4.91e-06,9,0.244,-10.771,1,0.0303,108.67,0.718
Me Resfrié en Brasil,6owthHOJo06koXPXe7xBG9,0.196,0.709,227307,0.832,0.0,7,0.116,-5.779,1,0.0485,139.619,0.91
Cómo Te Va Mi Amor,6S4nC68r7aWfJp4VXq87D6,0.534,0.771,339333,0.36,8.21e-05,0,0.207,-15.093,1,0.0308,96.888,0.508
El Rey del Ah Ah Ah,3aq24MP7kO5RJW7zt20D4F,0.102,0.836,231320,0.662,0.000107,6,0.112,-11.936,0,0.0543,115.103,0.924
"Tic, Tic, Tac",4eKPDjDlVhQ2VknSaCJQ68,0.915,0.922,222589,0.527,0.816,5,0.103,-13.247,1,0.15,102.853,0.969
Solo a Ti,0lIMz3WXnrQv0TpIYZpu2y,0.615,0.332,274599,0.498,0.0,7,0.33,-7.364,1,0.0289,137.561,0.241
La Playa,2HQVG3qBtl2mg1IBTnESBX,0.506,0.72,237140,0.874,0.000519,5,0.334,-5.599,0,0.0327,91.422,0.915
Flow Natural,2oeyvFG0mFFDHUxhPVObNk,0.121,0.831,173867,0.789,0.0,0,0.328,-5.498,1,0.0661,101.035,0.827
Siente El Boom (feat. Randy),5v0jVSPTspMrhweCCEfh5b,0.0965,0.805,188825,0.738,0.0,4,0.123,-5.905,0,0.0644,95.012,0.524
¿Por Qué Les Mientes?,5G9apJpojORVj2gwLgmSrD,0.175,0.689,213307,0.787,0.0,11,0.0559,-5.097,1,0.217,109.956,0.831
Never Alone,4cqiLvFRDuV8ClE61eMmZx,0.171,0.705,351027,0.866,0.000162,8,0.645,-5.036,0,0.0563,127.986,0.816
Come Take My Hand - Ran-D Remix,4plFHRIYpyvO46CWG2UMvG,0.0068,0.535,262550,0.928,9.18e-06,5,0.109,-2.025,0,0.0823,154.872,0.116
Come Take My Hand,6JyxQWqDiiT0NFlNCla1DM,0.00188,0.521,243567,0.879,0.765,0,0.207,-4.829,1,0.0417,167.99,0.105
Laura non c'è,7anRsNjcOSrNYf2FjYopCH,0.257,0.63,226093,0.705,0.0,9,0.0384,-6.075,0,0.0306,125.945,0.449
Tu nombre,2i3N3ebZ7llNszrCYLEvsp,0.186,0.63,238507,0.77,0.0,7,0.0873,-4.741,1,0.0318,123.949,0.599
Lascia che io sia - Radio Edit,5bhDnWdKWLVFppOpQvNNox,0.0183,0.596,212187,0.816,0.0,10,0.193,-7.642,0,0.0339,96.969,0.791
La Fórmula,5Fh9fyHRnSwKLo4asG6fEX,0.407,0.574,267017,0.925,0.0,8,0.259,-3.729,0,0.0648,95.738,0.905
Vivir Mi Vida,3QHMxEOAGD51PDlbFPHLyJ,0.345,0.656,252347,0.877,0.0,0,0.349,-3.231,0,0.0342,105.018,0.894
Flor Pálida,47TyfLrGhYHHyyQWk64d0M,0.659,0.574,280453,0.802,5.07e-06,7,0.0765,-3.976,1,0.0316,93.537,0.739
Living On My Own - No More Brothers Radio Mix,361VJCtpxxjA32lh4P0jZU,0.000214,0.644,217411,0.792,1.43e-05,9,0.102,-8.95,0,0.0311,123.927,0.482
The Great Pretender,4xm2RpQtpFVlPlO1v4BrBr,0.191,0.294,206573,0.509,0.0,7,0.177,-8.138,1,0.0336,110.949,0.26
I Was Born to Love You,14FAtIQZsRYeu8zVI33l7f,0.0144,0.577,219373,0.676,1.36e-05,8,0.424,-7.575,1,0.0331,139.418,0.374
Mil Horas,7JEnT0uFWcwZqNZWv7hC9N,0.238,0.605,168345,0.349,0.0,3,0.0753,-13.719,1,0.096,99.362,0.6
Mil Horas,2d6Rpz91tksIznqw75Fdpq,0.259,0.687,167213,0.384,0.0,7,0.0825,-11.457,0,0.101,99.854,0.659
Lunes Por La Madrugada,0F9DOXIFk0rJW9AmDkUuSz,0.0206,0.613,194693,0.655,1.16e-06,2,0.224,-9.229,1,0.0288,138.854,0.557
Mi primer millon,5fSDXbY8o9pA3TKwAbfwML,0.201,0.745,237387,0.924,5.01e-05,5,0.121,-3.898,1,0.0355,103.033,0.909
Tabaco Y Chanel,48svUiwMMYQRPyesVEnof1,0.0267,0.643,312400,0.576,0.0,7,0.273,-6.896,1,0.0303,97.022,0.699
Pasos de gigantes,5cfyheAkmqThtjovwfQnD4,0.288,0.705,235893,0.666,0.0,11,0.0804,-5.338,1,0.132,171.503,0.944
Perderme Contigo,7mHFWWfVlhqGjeIQ5qt9i2,0.23,0.717,246388,0.881,0.0,0,0.135,-3.21,1,0.0538,103.996,0.685
Salvavidas,1Oo6Wp6Qwq6cRvRRXxTbLe,0.0233,0.757,177480,0.843,0.0,2,0.0164,-2.528,1,0.049,152.029,0.859
La Pasamos CXBRXN,672zDo2nzWSoIIQ7zD5kuj,0.117,0.785,228640,0.734,1.13e-06,6,0.185,-4.686,1,0.0778,94.049,0.561
Loco,6b2HYgqcK9mvktt4GxAu72,0.222,0.771,231604,0.885,0.0,8,0.0918,-3.66,1,0.0508,128.031,0.826
Otra vez (feat. J Balvin),3QwBODjSEzelZyVjxPOHdq,0.0559,0.832,209453,0.772,0.000486,10,0.44,-5.429,1,0.1,96.016,0.704
SUBEME LA RADIO (feat. Descemer Bueno & Zion & Lennox),0mnAmQX1pciMncT2qFCNmK,0.0721,0.689,207680,0.808,0.0,0,0.241,-3.28,1,0.0572,91.012,0.674
Berlin,2IzV2SPZQLadtA46ni3ICq,0.18,0.796,246062,0.766,1.53e-06,1,0.164,-4.237,1,0.0422,121.008,0.846
Nena Maldición (feat. Lenny Tavárez),77dMSg2VHi2wwXjXNrmcrZ,0.192,0.566,227518,0.531,0.0,6,0.179,-6.635,1,0.0716,118.96,0.367
Adan y Eva,132ALUzVLmqYB4UsBj5qD6,0.323,0.767,256972,0.709,0.0,1,0.0745,-4.47,1,0.336,171.993,0.72
A Veces (feat. Feid),1O9FJyTicBMSqIv0RLRy4i,0.0617,0.801,191187,0.629,0.0,1,0.0702,-5.213,1,0.0615,92.012,0.835
Plan A,3DmQvbSuwGoDJkDm369GEz,0.0621,0.586,178200,0.849,0.0,0,0.0809,-4.923,1,0.0445,173.938,0.534
"Paulo Londra: Bzrp Music Sessions, Vol. 23",4F4bzCA8RWoyKQDfeFGolM,0.25,0.527,258542,0.91,0.0,0,0.0857,-2.659,1,0.122,95.943,0.329
Acurrucar,1xYBeQ5u8uaJ3oBWktjGyJ,0.944,0.809,234080,0.216,0.00799,8,0.0894,-12.103,1,0.0353,99.1,0.236
Del río,2G3ud9WTxl6uYRG75X6Ib0,0.913,0.857,250653,0.266,0.0483,7,0.11,-13.914,0,0.0442,96.962,0.264
Ropa De Bazar,7kWFRZdedr2gtfE8JDumVZ,0.934,0.53,197907,0.196,1.65e-05,0,0.219,-10.915,0,0.0602,92.661,0.144
Párteme La Cara,5gEUDNQvoQjdjklrwPdGwD,0.551,0.761,167867,0.296,0.000492,0,0.134,-10.22,1,0.0484,127.938,0.579
"contenta,",1YlXMOHqJVWzFaaQLeekPt,0.492,0.509,226280,0.382,0.488,1,0.142,-10.292,0,0.0489,139.977,0.0793
Aunque no sea conmigo,0dRY4OrSY53yUjVgfgne1W,0.458,0.461,212560,0.715,1.56e-05,4,0.719,-6.246,0,0.0281,86.09,0.455
La parte de adelante,0fHTVPRRKmWaRuIwrsNTMp,0.494,0.591,261627,0.777,0.0,9,0.383,-6.307,1,0.0401,123.264,0.621
Te quiero igual,7qIw4D1PcDHigDohKkLB0W,0.148,0.532,235560,0.884,6.76e-06,7,0.154,-4.941,1,0.0398,128.074,0.781
Loco,0jePqZlutXGa8xz6NNyKAy,0.225,0.647,217373,0.853,0.00505,4,0.261,-7.075,0,0.0286,108.698,0.781
Mil Horas,5RXIOm3I9Pl9qKqMyZmuoy,0.075,0.703,167560,0.575,0.0,7,0.128,-8.675,0,0.049,100.402,0.829
LOKERA,1aUq8rjW1EwkAkMri4VfJy,0.213,0.836,197101,0.826,6.03e-06,11,0.0814,-2.66,0,0.0461,102.025,0.579
Te Felicito,2rurDawMfoKP4uHyb2kJBt,0.234,0.695,172235,0.636,0.0,5,0.081,-4.654,1,0.317,174.14,0.575
PUNTO 40,4UGqAW9i7NtE5mW9xzm6yk,0.00112,0.857,190654,0.829,0.015,0,0.255,-0.484,1,0.0842,106.993,0.208
Desesperados,6mmPpaltUZK7xjNlBPQQ0p,0.356,0.869,224997,0.694,0.00125,1,0.0878,-3.35,0,0.0783,90.02,0.511
PANTIES Y BRASIERES,4uVEdikP5eLUy8Dq6gjiPV,0.34,0.758,197383,0.888,0.00139,1,0.144,-2.851,1,0.0706,107.039,0.408
Amor Narcótico,7guVlnmdqpcFjJmwP6RSRr,0.473,0.704,316960,0.687,0.0,8,0.0784,-10.302,1,0.133,111.932,0.645
La Ciguapa,6Fu5E5nuKfVOecwBmWLi7O,0.292,0.82,275200,0.838,0.0422,0,0.266,-8.091,1,0.0483,105.065,0.83
Me Enamoré,3C49pPU93J7hGU6zgHWyoJ,0.436,0.71,261007,0.864,0.0011,5,0.0748,-7.647,1,0.038,120.239,0.918
Procura - Live,0mZSsVl46LNZytJBIBrCEz,0.0929,0.763,292573,0.869,0.0,8,0.961,-6.868,1,0.0506,104.714,0.947
A Pesar De Usted,7bWZjdVacJiLh8y3dcwoYj,0.747,0.573,272427,0.816,0.000816,4,0.0829,-7.332,1,0.0433,94.853,0.852
Por el Resto de Tu Vida,40vzZFWG1h60TdZPuxuX3Y,0.355,0.781,197477,0.662,0.0,0,0.161,-3.825,1,0.0336,91.999,0.686
Ya No Somos Ni Seremos,0UXlu64mDLvfzR8IXMz06J,0.437,0.588,185723,0.452,0.0,7,0.344,-4.75,1,0.0268,139.953,0.734
Botella Tras Botella,2MnLkFqY9Rpg9s3Zv6ZJdK,0.656,0.727,197333,0.546,0.0,0,0.122,-4.572,1,0.0437,106.891,0.69
Un Cumbión Dolido,7uZ5C69LskNw0B4szvVWI5,0.382,0.805,235435,0.61,0.0,9,0.153,-4.261,0,0.0372,125.023,0.805
Me Extraño,3qx4POjFiODHPwCBjq8IEW,0.391,0.639,191880,0.516,0.0,0,0.259,-4.418,1,0.0296,94.931,0.759
Flaites al pariseo,5VPE5zlvyWg3BScBrM5J24,0.203,0.883,183356,0.73,0.0,4,0.111,-7.006,0,0.102,94.981,0.492
Demagogo,6SXM2tia1n9nkfxVtyxxh9,0.0191,0.521,153000,0.703,0.0302,2,0.132,-7.01,1,0.123,151.905,0.797
Bailando En Nota,52bakRgR9MbWLO3l5AWJPw,0.524,0.769,161952,0.882,0.561,10,0.152,-6.064,0,0.0397,98.014,0.794
Relampagazo,3HrfjIm4usDUk3r4IpvLeX,0.19,0.833,151466,0.798,0.001,0,0.305,-4.083,1,0.0474,97.989,0.74
Frikitona,4ZOK8MxEIakVw0BbKmMTxe,0.0957,0.847,200400,0.763,8.87e-06,0,0.327,-4.685,1,0.0631,99.979,0.762
LA CANCIÓN,0fea68AdmYNygeTGI4RC18,0.152,0.754,242573,0.646,1.85e-05,7,0.108,-5.795,1,0.317,176.089,0.429
No Me Conoce - Remix,2beS6dD5rovBxSA1zYoSHR,0.14,0.804,309120,0.787,0.0,10,0.0927,-3.824,0,0.0746,91.974,0.562
QUE PRETENDES,25ZAibhr3bdlMCLmubZDVt,0.0275,0.639,222347,0.791,0.0,10,0.362,-4.443,0,0.253,92.603,0.939
Qué Más Pues?,6D2TCm4nf5nxAcdGJ7w3QP,0.0272,0.903,217360,0.817,0.000311,8,0.242,-3.972,1,0.095,102.014,0.732
Mi Gente,7COfe3P7KgfwDwIRB8LIDw,0.0168,0.548,185040,0.704,2.25e-05,11,0.143,-4.838,0,0.0777,104.666,0.288
La Bebe - Remix,2UW7JaomAMuX9pZrjVpHAU,0.213,0.812,234353,0.479,1.21e-06,2,0.0756,-5.678,0,0.333,169.922,0.559
Déjame,5F4Luyx9KX70MJqJHrG8jC,0.113,0.746,196061,0.444,7.07e-05,4,0.186,-8.129,0,0.114,171.986,0.25
Perreo Porky,6gjhutUBc0VDId5trxGGTp,0.099,0.887,224842,0.598,0.00179,6,0.101,-6.89,1,0.1,95.01,0.768
Pégateme,4SjLumQomYfoEs6EhjGA4z,0.103,0.752,153836,0.6,0.00551,11,0.0554,-9.687,0,0.0931,79.994,0.608
Esa Nena,2uvoAHdthe0bSCD0qIRBta,0.345,0.808,197647,0.571,4.48e-06,0,0.0844,-5.161,0,0.0656,170.037,0.62
Leave Before You Love Me (with Jonas Brothers),4qu63nuBpdn0qHUHuObEj1,0.00226,0.721,154983,0.738,4.41e-06,7,0.118,-4.77,1,0.0403,119.976,0.637
Sucker,22vgEDb5hykfaTwLuskFGD,0.0427,0.842,181027,0.734,0.0,1,0.106,-5.065,0,0.0588,137.958,0.952
What A Man Gotta Do,4wNIkl5XGiAACjFBlDWuSd,0.00839,0.852,180645,0.698,1.03e-06,9,0.0773,-7.206,1,0.0629,113.039,0.324
Only Human,0DiDStADDVh3SvAsoJAFMk,0.108,0.795,183000,0.496,0.0,0,0.0645,-5.883,1,0.0722,94.01,0.874
Burnin' Up,2VEsmoek0sol9MnJFyoG9e,0.0296,0.667,175093,0.954,0.0,2,0.331,-3.462,1,0.0817,114.03,0.807
No Se Va,4khWEpnaijN0G1x019Uzdr,0.117,0.734,216753,0.685,0.0,0,0.109,-5.37,1,0.0453,92.042,0.754
Salir Con Vida,0cubEBmB9wjsdBwXNFmzFy,0.261,0.612,176087,0.697,0.0,0,0.347,-5.476,1,0.0387,91.976,0.633
Debí Suponerlo,2pIIRKRwWSi1Sb29VYLOOa,0.434,0.667,144632,0.571,0.0,0,0.188,-6.675,1,0.0245,95.022,0.651
Besos En Guerra,1mlGScrDQqHqmhdIqE8MmA,0.126,0.69,231533,0.973,0.0,2,0.101,-3.588,1,0.0492,143.957,0.772
506,4Q1oBLFPK9R4eUHkNlihlF,0.00811,0.543,180552,0.876,0.0,0,0.338,-4.889,1,0.0494,142.995,0.637
Besos Moja2,6OzUIp8KjuwxJnCWkXp1uL,0.0584,0.736,229065,0.727,1.91e-06,5,0.0976,-4.642,0,0.0571,94.048,0.644
Noche De Entierro,6ksWMnPcHNyNoNf3y1BQCO,0.119,0.868,263293,0.764,0.00143,4,0.0918,-6.574,0,0.167,96.994,0.397
Algo Me Gusta De Ti,2FqoR7diymD1Eh7cVb3DMg,0.00291,0.627,274947,0.768,0.0,11,0.0598,-5.296,0,0.0325,127.953,0.237
El Telefono,614NVFo5csQqRnryl4jXs2,0.171,0.808,235627,0.682,1.42e-06,2,0.464,-7.128,1,0.0963,89.987,0.491
Noche De Sexo,4kAtRwNRLMKuoCbxMSxUGI,0.108,0.686,205707,0.722,0.0,2,0.494,-5.4,1,0.256,94.006,0.515
Niña Bonita,4u5xLMRN0dgKBFFN8FiNgv,0.257,0.676,216787,0.91,0.0,9,0.153,-5.096,1,0.132,120.022,0.716
Me Voy Enamorando - Remix,0SUukeNYkHMk8bxwgGQKJa,0.0894,0.708,215800,0.87,0.0,10,0.347,-4.473,1,0.0557,99.963,0.547
El Poeta,0G31zWm4L2c9fJ9zAzWsar,0.3,0.744,237907,0.726,0.0,0,0.242,-6.053,1,0.0491,120.043,0.723
Me Voy Enamorando,39Gb80bu5xF0rQtAxTxUS1,0.0538,0.685,235720,0.912,0.0,10,0.392,-3.411,1,0.0687,99.957,0.511
Tu Angelito,77VXEopCatM9pqJl0beeCj,0.382,0.834,237680,0.868,0.0,8,0.203,-6.498,0,0.0415,118.025,0.912
Gotas De Lluvia,6sna5KCgNbt1ciZtVJCjzx,0.701,0.635,354973,0.856,0.00019,4,0.0565,-3.946,0,0.0375,97.276,0.688
Algo Que Se Quede,1JXcB149QtbcIpDUA6YZOB,0.457,0.751,220135,0.722,0.0,2,0.178,-4.197,1,0.0506,140.043,0.788
Una Aventura,26ucR33snMkRD6JExhoD6I,0.275,0.699,316093,0.83,0.00241,0,0.121,-10.935,1,0.0365,92.855,0.731
Nuestro Sueño,0g9d2hcBECm8eOuxG9w5kH,0.675,0.685,359227,0.801,0.00132,7,0.0906,-10.094,0,0.0329,90.23,0.738
Busca Por Dentro,2uJyG7lhmZ8bFrbVVlc6AH,0.213,0.69,354133,0.666,0.000373,5,0.309,-10.211,0,0.0348,86.039,0.842
Tu veux mon zizi,1ImRLQGYsmrn3NaiKvO6pt,0.101,0.887,197833,0.889,9.06e-05,9,0.0493,-5.735,1,0.0813,122.011,0.934
Alice ca glisse,6R1BYGCTmuY9BJQB9aouVk,0.00294,0.759,239758,0.913,0.0434,6,0.0625,-6.542,1,0.0483,145.001,0.96
Vas y Francky c'est Bon,39IcXxdkoHMTvFEtrBh20v,0.106,0.855,193043,0.891,0.079,11,0.0546,-5.715,0,0.0637,115.032,0.538
Éteins la lumière,0vC5QV2sW3jdQByQXh5InH,0.0317,0.741,172000,0.79,3.31e-06,4,0.158,-5.681,0,0.102,120.032,0.314
A la folie,48yyiwTg5ltlhaoITAp5sz,0.0123,0.818,222339,0.961,6.73e-06,7,0.0593,-6.659,1,0.0572,140.025,0.93
El Ultimo Adiós - Varios Artistas Version,0tzixmHNQfE6S6SirSToxW,0.641,0.276,237467,0.572,0.0,1,0.2,-7.818,1,0.0377,77.986,0.285
Sé Que Te Duele,1OJkKHmXsZVKtWlECdpDAe,0.24,0.692,228147,0.855,0.0,9,0.0967,-4.77,1,0.0725,94.984,0.777
Inexperto En Olvidarte,1WvNTYRxyodbQ4NPmO9jKZ,0.233,0.549,185213,0.548,0.0,10,0.0789,-5.698,1,0.0321,81.622,0.714
Me Hace Tanto Bien,2mDLrugtj3r6XpH3SdlLGB,0.528,0.549,188893,0.764,0.0,1,0.0782,-5.881,1,0.0427,157.502,0.573
Mariposa Traicionera,5YPyuMfaK6GjdFfRaryJak,0.524,0.622,243307,0.647,4.82e-05,4,0.0872,-6.913,0,0.0352,206.037,0.815
Danza Kuduro,2a1o6ZejUi8U3wzzOtCOYw,0.0846,0.4,198773,0.915,0.0,0,0.0503,-4.89,1,0.28,88.917,0.878
Dile,69Ej1xrGjOcHvIMtMKxK0G,0.184,0.817,204600,0.714,0.000132,4,0.042,-7.501,0,0.141,94.001,0.714
Salió El Sol,48NXpYRuvv9izul4oXhqS9,0.106,0.887,315293,0.701,0.00948,4,0.0466,-5.892,0,0.0873,110.002,0.965
Guaya Guaya,79zvVrn65ksbiGQxrtV4I5,0.00607,0.788,193613,0.873,0.00052,7,0.0908,-2.322,1,0.117,91.981,0.703
Virtual Diva,6doLqlEfsI2zjsYQCNn5z8,0.21,0.785,239493,0.882,0.0,8,0.754,-4.207,0,0.0494,114.009,0.724
Mojando Asientos (feat. Feid),6lV9cTvioGWqRXSgfjAUGL,0.0352,0.773,252162,0.767,0.0,7,0.299,-4.019,1,0.0819,94.99,0.49
Sobrio,4HzqWEdAbzcVFDv0pvxV4w,0.138,0.762,201181,0.77,0.0,5,0.15,-2.758,1,0.223,177.998,0.631
La Fórmula,5Fh9fyHRnSwKLo4asG6fEX,0.407,0.574,267017,0.925,0.0,8,0.259,-3.729,0,0.0648,95.738,0.905
Nos Comemos Vivos,0bI5WRiDfU5BY38ufOJtGu,0.165,0.822,225366,0.719,2.48e-05,10,0.174,-3.633,0,0.0576,82.01,0.659
Junio,4XqXNU8MwPHwbgZmNXmAdc,0.0999,0.85,168601,0.756,0.0,11,0.0873,-3.439,0,0.0407,120.024,0.896
Candy,2ctjDCCg1wHoQSjIJ8p6U4,0.252,0.897,207627,0.864,0.0,11,0.517,-3.735,0,0.147,95.981,0.542
Si No Le Contesto,560GL9Y8gDtKPRIJ41oA3c,0.0945,0.844,220133,0.757,0.0,1,0.16,-4.61,0,0.0523,94.977,0.532
Guatauba,0xJFWROBNTBL4sKEuA5pm6,0.00849,0.804,162400,0.745,0.000942,4,0.0378,-5.963,0,0.229,183.985,0.635
¿por Que Te Demoras?,7JbMsR4rZh6J77LNafur8U,0.0386,0.895,190493,0.792,0.0,2,0.0547,-5.923,0,0.0769,96.018,0.941
Fanática Sensual,5ZFpEsxK5VlLkJi3v7ar2Y,0.0937,0.793,240320,0.853,0.0,1,0.085,-3.655,1,0.0477,164.022,0.906
Los Cachos,3eUR4NZa2hc8ZulyFYdCv8,0.108,0.774,212304,0.73,0.0,0,0.194,-3.865,1,0.134,91.966,0.421
Déjala Que Vuelva (feat. Manuel Turizo),1j6xOGusnyXq3l6IryKF3G,0.0482,0.681,220117,0.788,0.0,1,0.0753,-4.323,1,0.0785,170.019,0.839
Pa' Olvidarme De Ella,3lR4O0vtkhCAvVEUEWUL0S,0.259,0.728,227234,0.542,0.0,0,0.136,-5.195,1,0.0514,90.016,0.637
Te Amo,2RVrdr062uLFxXwIxwdXPH,0.0204,0.849,201122,0.724,5.98e-06,5,0.235,-4.139,1,0.0665,98.005,0.63
Puntos Suspensivos,04cd1MHVq1D8v1nuTZoCdv,0.175,0.823,186316,0.731,0.0,11,0.131,-3.399,0,0.103,152.024,0.952
A La Antigüita,798ahLNEcoFER7Vywg1FMT,0.382,0.651,156267,0.726,0.0,8,0.0535,-4.144,1,0.0539,179.99,0.963
Cuidando El Territorio,64ImcY4fJhY243wr20SR3e,0.249,0.716,186833,0.654,0.0,8,0.127,-6.702,0,0.279,180.11,0.958
Simplemente Gracias,3K6noLeoPTQJ5jUErC8jT5,0.691,0.755,203200,0.557,0.0,3,0.104,-5.982,1,0.0302,130.03,0.743
Míranos Ahora,5VfkfKTTo5BRKqHwfENF0V,0.651,0.68,198933,0.439,6.89e-06,0,0.122,-5.909,1,0.0327,135.832,0.772
Escuela Del Virus Antrax,4UUf48kLSSO3fLL0lYkfoe,0.216,0.764,161613,0.906,0.0,9,0.129,-2.463,0,0.116,129.088,0.948
La Muralla Verde,6OKhBvddAlWxxFnjbpilhu,0.155,0.717,161440,0.837,1.15e-05,8,0.422,-6.968,0,0.0282,129.881,0.919
Luz De Dia,6TqXieeBcZZHyaO14hQpKx,0.478,0.657,268867,0.447,0.00105,0,0.0995,-13.148,1,0.0303,121.989,0.523
Tu Carcel - En Vivo,5B3O540sH6u6mf61HWrNzQ,0.152,0.639,242413,0.745,4.26e-06,2,0.914,-5.455,1,0.0291,117.457,0.59
Mariposas,1AERsDlEADxcp9WtjZBtiU,0.188,0.549,221720,0.916,9.9e-06,2,0.161,-4.316,1,0.0279,136.993,0.704
Luz De Dia - En Vivo,25mV2PfkkV6S183rz0fdxl,0.259,0.624,293227,0.709,0.0,0,0.963,-8.232,1,0.0291,121.961,0.364
Marisola - Remix,0NO2zL0kw8sGGnaMvHKAZF,0.173,0.765,237474,0.872,5.65e-06,1,0.0749,-5.863,1,0.0498,94.999,0.722
Llamame Bebe,66vWfpNGNT4y6nPdW5WMtj,0.232,0.808,258286,0.688,0.0,5,0.149,-6.78,1,0.106,105.034,0.351
LOKOTRON REMIX,5uq1p5tvZhSTRpZZTwuQPj,0.276,0.844,349565,0.53,9.46e-05,10,0.123,-9.177,0,0.146,92.008,0.746
Marisola,2pR6bipXfJySBhje19SW02,0.155,0.806,184421,0.85,0.0,1,0.201,-4.84,1,0.0967,95.014,0.728
Salió De Noche,15r68Um6LBYYBGUEEkqRkB,0.0526,0.822,220632,0.75,2.04e-06,11,0.092,-4.707,1,0.0845,94.983,0.688
Creepin' (with The Weeknd & 21 Savage),2dHHgzDwk4BJdRwy9uXhTO,0.417,0.715,221520,0.62,0.0,1,0.0822,-6.005,0,0.0484,97.95,0.172
Die For You (with Ariana Grande) - Remix,4W4fNrZYkobj539TOWsLO2,0.227,0.575,232857,0.5,0.0,1,0.335,-7.594,0,0.0707,67.033,0.506
Die For You,2LBqCSwhJGcFQeTHMVGwy3,0.111,0.586,260253,0.525,0.0,1,0.134,-7.163,0,0.0615,133.629,0.508
Starboy,7MXVkk9YMctZqd1Srtv4MB,0.141,0.679,230453,0.587,6.35e-06,7,0.137,-7.015,1,0.276,186.003,0.486
Blinding Lights,0VjIjW4GlUZAMYd2vXMi3b,0.00146,0.514,200040,0.73,9.54e-05,1,0.0897,-5.934,1,0.0598,171.005,0.334
Cuéntame,76KLnsqCiFEFTEQp2Vaf8R,0.34,0.569,238693,0.951,0.000491,4,0.103,-7.522,0,0.0733,167.495,0.781
Los Globos del Cielo,0gnsuw6eGZEwph1rKnxzOu,0.0498,0.621,239907,0.917,0.0,9,0.322,-7.866,1,0.0552,174.348,0.951
Me Estoy Enamorando,4COvULULVKLsMKMRKIiXUa,0.0958,0.745,286027,0.864,0.0,0,0.308,-8.286,1,0.0316,132.027,0.959
Degeneración Actual,58t9Q8VqXGhaqtilMkIkRx,0.277,0.763,316027,0.891,1.26e-06,0,0.0913,-5.351,1,0.0398,141.989,0.947
Lo Olvidé,5knDuscjSq3x4mEa1G1wP6,0.529,0.683,238627,0.441,0.000529,7,0.194,-8.165,1,0.0262,75.99,0.505
Una y Otra Vez,0bK3jxkbq5cDKWr68KtO8G,0.276,0.42,190606,0.481,1.55e-06,4,0.345,-8.284,1,0.027,82.112,0.376
Si Pudiera,5SqG2MEuRjwhxi1DcRR4V8,0.278,0.636,256948,0.527,0.00236,1,0.114,-7.543,0,0.0643,80.079,0.472
Afuera Del Planeta,71t9GoojGIMZLySI6imKFY,0.679,0.538,229406,0.508,0.00272,2,0.126,-8.963,1,0.038,171.98,0.294
La Distancia,0LpEr3qpmDQ1gEabnsQlGC,0.906,0.771,197187,0.44,5.36e-06,7,0.136,-9.443,1,0.0425,95.024,0.897
Quédate,5XXxxfDWGvI6OaXPEniklV,0.0767,0.828,183927,0.411,3.84e-06,7,0.0992,-8.781,1,0.105,140.043,0.621
De Música Ligera - Remasterizado 2007,2lpIh6Gr6HYjg1CFBaucS5,0.000633,0.537,212747,0.748,0.557,2,0.272,-6.392,1,0.0282,124.24,0.78
Cuando Pase El Temblor - Remasterizado 2007,3uMYq07Kj5m564OQwdSCrD,0.0314,0.652,229160,0.607,0.00285,0,0.0721,-8.657,1,0.0368,94.089,0.72
Trátame Suavemente - Remasterizado 2007,65DBZofI0b79kfHTcWWDuU,0.043,0.738,200800,0.8,0.0543,11,0.595,-3.366,0,0.0283,122.858,0.532
Persiana Americana - Remasterizado 2007,71awpJoi5bqGMBrTkHDDoL,0.0121,0.603,292267,0.929,0.00217,4,0.131,-4.549,0,0.0407,101.208,0.537
Nada Personal - Remasterizado 2007,4PBou1i63krEp3jKCPhxVD,0.423,0.762,292573,0.939,0.139,8,0.119,-4.826,0,0.0487,124.398,0.448
Feel Good Inc.,0d28khcov6AiegSCpG5TuT,0.00836,0.818,222640,0.705,0.00233,6,0.613,-6.679,1,0.177,138.559,0.772
New Gold (feat. Tame Impala and Bootie Brown),60SvhHtwefT0e2G7i7kOH3,0.0425,0.695,215150,0.923,0.0469,1,0.116,-3.93,0,0.0522,108.014,0.551
Clint Eastwood,1RKUoGiLEbcXN4GY4spQDx,0.0253,0.663,340920,0.694,0.0,10,0.0698,-8.627,0,0.171,167.953,0.525
Rhinestone Eyes,1foMv2HQwfQ2vntFf9HFeG,0.0869,0.676,200173,0.703,0.000687,8,0.0463,-5.815,0,0.0302,92.761,0.852
Cracker Island (feat. Thundercat),4J3I4jpAtNjsclcs99jzeF,0.00343,0.741,213750,0.913,0.103,2,0.325,-3.34,0,0.0465,120.012,0.643
MEMORIAS,2hLXUbsOU9cDb9RFva9FYr,0.389,0.771,228750,0.707,0.0,2,0.0745,-6.404,0,0.055,127.963,0.317
Volando - Remix,0G2zPzWqVjR68iNPmx2TBe,0.207,0.659,273474,0.688,0.0,6,0.113,-4.649,1,0.0673,153.979,0.632
APA,3vKYvbzB7801a5qd47pxkm,0.712,0.757,199831,0.738,9.67e-06,8,0.198,-4.913,0,0.22,120.091,0.753
Una Vez,5J7teKIJGtqVypgYI6sqXj,0.132,0.55,232496,0.598,2.58e-06,11,0.0955,-5.402,0,0.0831,83.836,0.543
LACONE,4Rjq1TZbF0bDstOs6SiI6J,0.263,0.798,260952,0.718,0.0,8,0.142,-6.237,0,0.0443,126.01,0.727
Creo en Ti,0xXhgLXfEHnWJHVgRvFvdn,0.86,0.422,163333,0.267,0.0,3,0.142,-9.533,1,0.0281,171.725,0.432
Ya Me Enteré,0lPXFrKyl8HkdQ2E6NmNja,0.502,0.619,204173,0.452,0.0,9,0.122,-5.449,1,0.028,131.981,0.174
Un Año,2vrpcQNg6itmgVZWsNjWe0,0.14,0.773,163813,0.378,0.0,1,0.133,-7.062,0,0.0531,94.946,0.513
Yo Quisiera,2GSr8anleCXKLNjjjijoMZ,0.0823,0.682,217987,0.658,0.0,2,0.0851,-5.251,1,0.0432,77.978,0.784
Los Tragos,7iXJg4IUyrWont5YSQrbKP,0.115,0.557,171001,0.7,1.11e-06,7,0.161,-5.024,1,0.0638,93.9,0.681
Tierra Mala,4TTYsYuhG7W8JpM1tBrwwI,0.451,0.727,288195,0.574,0.0,6,0.119,-6.723,1,0.0332,141.581,0.915
Muchacha Encantadora,5ZsIeVJdQ0d4Xk6mjRz2Cz,0.754,0.613,257643,0.805,0.0,5,0.107,-2.758,1,0.0633,148.357,0.883
Ceniza Fría,630dwBE6L8SIMzyl43KyUT,0.274,0.599,241297,0.542,0.0,9,0.168,-5.671,1,0.0612,142.766,0.895
Hay Que Ser Fuerte,63cl1BsQd521LwX0odQMCb,0.518,0.824,286549,0.639,0.0,6,0.104,-5.689,1,0.0358,135.915,0.933
Me Tocó Perderte,6LaitU8bQS4Hc9J4LJNj3Q,0.349,0.593,251761,0.581,0.0,6,0.326,-3.184,1,0.0505,140.697,0.968
Amores Como el Nuestro,3WLXf7K7mIGEBtFq41afce,0.583,0.698,302360,0.872,0.00946,0,0.0848,-2.16,1,0.0456,179.556,0.62
Qué Hay de Malo,7t5cskTjWtXVQ6h1yI69op,0.598,0.735,298640,0.61,0.0,1,0.0541,-8.635,1,0.0439,91.951,0.789
Cuenta Conmigo,1F1VPI3wUKEKA1DPx5Y9Fy,0.609,0.673,230187,0.718,6.88e-05,1,0.316,-4.666,1,0.0379,176.89,0.917
Casi un Hechizo,1ZYxQo0ZDNjye7ygHWJHle,0.705,0.683,224440,0.691,1.48e-05,0,0.049,-3.322,1,0.0418,93.012,0.842
Nada Sin Ti,4h0SQIfkKHJZ1FWVRQbW4H,0.694,0.741,272200,0.465,2.35e-05,0,0.0605,-12.241,0,0.0413,85.744,0.858
Pepas,2B4GHvToeLTOBB4QLzW3Ni,0.00776,0.762,287120,0.766,6.98e-05,7,0.128,-3.955,1,0.0343,130.001,0.442
Diles,6C1RD7YQVvt3YQj0CmuTeu,0.108,0.813,286041,0.56,0.0,2,0.268,-5.904,0,0.0618,118.033,0.287
On My Way,3BomnHfqKZCdPJC9bkGBjE,0.0291,0.522,193959,0.697,0.0,1,0.319,-5.288,0,0.103,169.775,0.235
Si Se Da - Remix,6K5BsR04ijf3FHNzjbaagD,0.441,0.817,332240,0.672,0.0,11,0.13,-5.612,0,0.299,93.999,0.774
Calma - Remix,4U0JLGFHJpEnDS5w8F7ngE,0.337,0.826,237627,0.764,0.0,11,0.161,-4.341,0,0.0522,126.9,0.761
Llorar y Llorar - con Carin Leon,4YF13O2n16dcTyGgVmiGvN,0.554,0.62,169705,0.436,0.0,10,0.0891,-8.108,1,0.213,172.854,0.368
Ya No Tiene Novio,7uQmJ1jgNzBpATSoWKSPFu,0.048,0.632,198933,0.832,0.0,7,0.0705,-1.948,0,0.154,182.184,0.784
Color Esperanza 2020,3eSJmGWqoBRx5wbFCtvPtz,0.161,0.591,217547,0.785,0.0,9,0.126,-7.768,1,0.161,106.002,0.785
Miami,5uO69Tc4ogrDtdWl5j5Rvm,0.0165,0.807,130653,0.823,0.0,4,0.101,-3.486,1,0.0888,92.987,0.845
La Boca,0UQwlF2pRkr1lMN6kNNUj3,0.0655,0.618,206279,0.795,0.0,2,0.309,-1.8,1,0.113,185.901,0.76
Niña Bonita,7LSdAF6AUKmcsUTy3747rh,0.371,0.585,310307,0.502,0.0,10,0.158,-6.909,1,0.0495,138.626,0.824
Quiero Que Seas Mi Estrella,7CFcADHXs2wjUxNyyoScEn,0.181,0.605,298987,0.738,0.0,9,0.191,-3.241,1,0.0314,134.0,0.778
Si Tu Amor No Vuelve,6f9wNWLVMRX9QbsStbaI4Q,0.385,0.754,294640,0.575,0.0,0,0.28,-4.796,1,0.0359,128.15,0.816
Como Te Olvido,7IbDpOVisfNkYWR07l1Y5U,0.369,0.691,290733,0.544,0.0,5,0.0922,-8.889,1,0.0925,136.398,0.939
Un Osito Dormilon,2kfy5uzINhvThNfTqgXNPt,0.281,0.505,289724,0.69,0.0,0,0.282,-4.803,1,0.034,136.507,0.681
"Oye Mi Canto (with Tego Calderon, Nina Sky, Gemstar, Big Mato)",2D5xADKFIU69jBddGcpXR9,0.278,0.651,235653,0.94,1.08e-06,6,0.312,-4.975,1,0.0458,95.99,0.962
Punto y Aparte,388YhDYxPvaDIZQHWqpB4E,0.255,0.808,206493,0.767,0.0197,1,0.0886,-4.912,0,0.0445,94.998,0.722
Metele Sazón,0TGXhbsTJ1LohY8HvmxSvT,0.493,0.845,242521,0.651,0.000888,2,0.0736,-7.928,0,0.0606,95.043,0.913
Dominicana,45IOnEpVUdxWUZFqpZ7Xvz,0.188,0.845,252693,0.906,0.0512,7,0.0199,-3.804,1,0.0687,94.987,0.813
Jangueo,7KKh0ujp8agIiCrkiJhf81,0.396,0.863,231745,0.728,9.14e-06,7,0.0902,-2.954,1,0.0586,93.035,0.649
Color Esperanza 2020,3eSJmGWqoBRx5wbFCtvPtz,0.161,0.591,217547,0.785,0.0,9,0.126,-7.768,1,0.161,106.002,0.785
Pedro Navaja,7aKs8kWKKau0SDgaeyZMAX,0.789,0.595,445080,0.574,9.53e-05,2,0.209,-7.411,1,0.11,94.904,0.825
Decisiones,4XTtPhMyEumsU8E1ufUomw,0.756,0.646,303415,0.58,0.0,8,0.0455,-10.303,1,0.0654,97.026,0.51
Plástico,3ZIE8flTJ6WWn8wF0YzaaQ,0.797,0.658,401880,0.541,1.84e-06,11,0.456,-7.73,0,0.0585,103.176,0.7
Tú Sí Sabes Quererme,0cvrnpQP2UBc9f68M28JDt,0.502,0.769,268280,0.537,0.0,1,0.105,-8.465,0,0.0924,88.068,0.725
Color Esperanza 2020,3eSJmGWqoBRx5wbFCtvPtz,0.161,0.591,217547,0.785,0.0,9,0.126,-7.768,1,0.161,106.002,0.785
Eres Mi Sueño - Versión Radio Edit,2BzPF9dX13wqEAo5a3XPR2,0.15,0.799,194400,0.93,7.82e-05,3,0.0181,-6.09,0,0.0578,115.003,0.971
Arroyito,3YiF4GqPHrifMDhn7mUnD1,0.269,0.513,238667,0.903,0.0,11,0.147,-6.735,1,0.163,93.513,0.682
2005,6hY6LMOTZOWUOZMk4wPW92,0.0919,0.794,208860,0.693,0.0,7,0.143,-4.279,1,0.202,88.917,0.768
Simples Corazones (feat. Melendi),57AHAfiyk3gR8OBRf3s03U,0.168,0.652,243043,0.91,0.0,7,0.107,-2.675,1,0.163,195.95,0.481
De Qué Manera,3HMlb6Dh9OGr3CjV6IwjEP,0.692,0.756,193125,0.735,0.0,7,0.0715,-6.178,1,0.0668,92.028,0.558
Esta Noche,4vhkI8x68EaGQR3Kn7Pwhc,0.013,0.727,168521,0.848,0.0,5,0.102,-5.727,1,0.0584,130.007,0.792
Mi Pecadito,5yrbKnKL9mKC61StX948w1,0.326,0.841,197077,0.74,1.47e-06,9,0.133,-4.347,1,0.05,129.976,0.966
Serenata,11ufNpNUBDwTGlU8sdWZaP,0.0859,0.757,206968,0.824,0.0,7,0.165,-2.657,1,0.134,174.065,0.495
El Egoísmo,39C3ENLwwHM7u8HeeZ49n3,0.208,0.807,170472,0.787,0.0,10,0.0933,-3.745,1,0.188,106.879,0.784
Nunca Es Suficiente,2niUiaoJDCzNldW0pV66zb,0.511,0.699,237107,0.61,2.31e-06,2,0.127,-9.308,0,0.0541,178.112,0.846
Lo Que Construimos,5wWxUdgn2OugIOvLJOdreH,0.769,0.667,279213,0.287,3.61e-06,0,0.106,-9.718,1,0.0334,127.981,0.545
Soledad y el Mar (feat. Los Macorinos),1Xtz05nIgJiEYdncfd1w8h,0.896,0.726,214547,0.177,2.14e-06,1,0.116,-14.824,0,0.0353,92.934,0.618
El lugar correcto,3G6XpCfczuhbTSBlgfqe9v,0.809,0.631,231053,0.449,0.000584,7,0.135,-10.752,1,0.0722,91.624,0.612
Tú Sí Sabes Quererme (feat. Los Macorinos),6p3yxt0uJJshAS3CT0znQg,0.782,0.664,244933,0.46,3.19e-06,1,0.176,-10.974,0,0.105,170.057,0.793
PANTIES Y BRASIERES,4uVEdikP5eLUy8Dq6gjiPV,0.34,0.758,197383,0.888,0.00139,1,0.144,-2.851,1,0.0706,107.039,0.408
ULALA (OOH LA LA),4EQOGfssbSpTlV6EZRtrSv,0.0462,0.872,188009,0.681,1.38e-05,0,0.129,-4.348,0,0.11,96.986,0.481
La Santa,69vlMrzHwATKzupwNcUPyK,0.0326,0.744,206420,0.868,0.0,1,0.0822,-4.524,1,0.047,93.037,0.586
Gasolina,228BxWXUYQPJrJYHDLOHkj,0.322,0.852,192600,0.797,2.69e-06,0,0.0845,-6.543,1,0.0614,96.008,0.741
Despacito,6habFhsOp2NvshLv26DqMb,0.198,0.655,229360,0.797,0.0,2,0.067,-4.787,1,0.153,177.928,0.839
Te quiero,6tu2FHuKL9C8pwNrityweQ,0.0029,0.736,225760,0.711,0.000275,2,0.0948,-5.503,1,0.0352,112.305,0.72
El ataque de las chicas cocodrilo,3quyxN3SapEsojxk1Uw10K,0.0291,0.506,184360,0.809,0.000234,10,0.0909,-5.754,1,0.0539,119.651,0.559
Marta tiene un marcapasos,1XvfncS1t4BNkh37klHeqj,0.00321,0.596,132853,0.947,3.78e-05,11,0.0897,-3.225,0,0.0547,102.238,0.487
Venezia,1wncA7mz0ntqvZ8UzFokGk,0.224,0.581,270680,0.826,0.00128,1,0.0506,-5.603,1,0.0816,168.561,0.573
Lo noto - Remaster 2015,3q6Ta92jThS5sOK8r2YSBD,0.00944,0.715,261840,0.655,0.000177,5,0.0861,-5.737,1,0.0344,111.0,0.433
"Sexo, Sudor & Calor",6PyYp74gLgXkNYH3YcbAfn,0.21,0.745,251395,0.887,0.0,0,0.07,-5.252,1,0.0504,167.971,0.963
Señal De Vida,4BXG52ul7GlV4Qpve6JDJo,0.0973,0.722,240255,0.68,0.000293,9,0.58,-7.091,1,0.0846,171.968,0.713
No Necesito,75wlqiEzb6V0PbWyU66Va8,0.265,0.773,210034,0.632,0.0898,9,0.0868,-5.621,0,0.0689,92.002,0.97
No Quiere Novio - Remix,4IbPuVTa0yseWv0AEiJ7CE,0.374,0.874,195816,0.694,0.00061,2,0.105,-7.742,1,0.221,95.022,0.802
Sexo En La Playa,7000lIDeQQURNIsLINOYZo,0.36,0.794,218387,0.708,1.79e-05,5,0.322,-7.053,1,0.0492,94.004,0.613
Tacones Rojos,6ylDpki1VpIsc525KC1ojF,0.062,0.746,189333,0.844,0.0,11,0.149,-3.499,0,0.0359,123.014,0.934
Ojos Marrones - Con Sebastián Yatra,6Ec3FPbwfOCoICwSQrlPOz,0.0526,0.782,198920,0.66,0.0,8,0.138,-4.308,0,0.0388,119.99,0.8
Pareja Del Año,655JkvIwu2rDCaD1hPf04g,0.176,0.715,195333,0.611,0.0,4,0.0949,-5.094,0,0.0519,79.971,0.776
Una Noche Sin Pensar,2oW52tBeJNSv93Ct5AJb8q,0.0354,0.676,161173,0.858,0.0,0,0.211,-2.636,1,0.0467,139.998,0.67
Ojos Marrones - Con Sebastián Yatra,2GQclWZHwE4fMdqShvOPWU,0.0648,0.787,198880,0.662,0.0,8,0.133,-4.285,0,0.0372,119.983,0.79
Yandel 150,4FAKtPVycI4DxoOHC01YqD,0.0492,0.783,216148,0.729,0.000272,6,0.1,-3.549,0,0.0691,167.968,0.58
Te Gusta,4l4AiTqEyjCAJui6xVREH7,0.0501,0.747,200507,0.882,3.06e-05,5,0.0926,-2.649,0,0.0422,93.003,0.692
CANCIÓN CON YANDEL,3pm4XtcsRIFFtH2UErk62R,0.447,0.75,209180,0.741,0.0,9,0.121,-4.43,1,0.402,79.968,0.495
XQ Te Pones Así,6JUMswocQ7Hp46kj9kyljT,0.134,0.812,218693,0.697,0.0,10,0.147,-3.441,1,0.0694,92.03,0.477
Báilame - Remix,4l3xGFwoTinvYxsePytOOf,0.269,0.646,217093,0.865,4.16e-06,6,0.11,-4.215,1,0.0983,191.954,0.762
X SI VOLVEMOS,4NoOME4Dhf4xgxbHDT7VGe,0.334,0.794,200120,0.807,0.0,1,0.104,-3.447,0,0.326,178.003,0.575
CAIRO,16dUQ4quIHDe4ZZ0wF1EMN,0.483,0.957,198667,0.677,0.000438,5,0.0961,-3.979,0,0.292,115.0,0.469
PROVENZA,3HqcNJdZ2seoGxhn0wVNDK,0.576,0.87,207627,0.517,0.00553,1,0.11,-7.918,1,0.0475,111.002,0.54
MIENTRAS ME CURO DEL CORA,6otePxalBK8AVa20xhZYVQ,0.855,0.523,164387,0.477,0.0,0,0.146,-6.786,1,0.392,79.921,0.57
GATÚBELA,6Vn1vje8yMw2OY6IOk9dkH,0.257,0.853,208013,0.859,0.0,11,0.172,-2.68,0,0.306,95.131,0.325
La Duda,1euvZCoC0ETg1aiK0tfkEs,0.343,0.789,264560,0.713,1.4e-06,9,0.078,-3.153,1,0.0368,100.031,0.713
Serpiente,2OXYYCVlDZfiVtktj00ul5,0.146,0.758,121340,0.765,9.18e-06,2,0.0851,-7.198,1,0.0324,134.996,0.976
Siempre Pierdo en el Amor,0YVUUyBOAKembHPXCSR8Lt,0.195,0.725,192253,0.868,0.00208,5,0.345,-2.886,1,0.0283,103.336,0.89
Cervecero,5tt27Q87bSQG4OjYtj8aPh,0.458,0.549,326453,0.872,0.000294,11,0.122,-1.944,0,0.0365,108.649,0.905
Tu Amor Es una Trampa,7y09WqyqqTbpfE4UkgqOQX,0.626,0.497,248960,0.882,0.0,0,0.298,-3.351,0,0.0359,107.264,0.813
Moonlight,0JmnkIqdlnUzPaf8sqBRs3,0.518,0.642,187723,0.706,0.0,7,0.25,-6.872,0,0.052,136.851,0.896
Melting,2kSb3wYSOV996xA2NSmpck,0.179,0.574,208854,0.479,0.0803,8,0.106,-7.776,1,0.0355,115.263,0.303
telepatía,6tDDoYIxWvMLTdKpjFkc1B,0.112,0.653,160191,0.524,0.0,11,0.203,-9.016,0,0.0502,83.97,0.553
I Wish you Roses,35SbrfbaSpGUBX7e5BPega,0.18,0.452,219955,0.589,0.00048,10,0.139,-8.371,0,0.0458,141.692,0.315
"After The Storm (feat. Tyler, The Creator & Bootsy Collins)",1otG6j1WHNvl9WgXLWkHTo,0.301,0.702,207455,0.659,0.00201,4,0.218,-6.766,0,0.13,79.64,0.843
